Timestamp,Index,True,Pred,Match
2026-01-13 19:42:26,0,Karacadag,Karacadag,1
2026-01-13 19:42:28,1,Karacadag,Karacadag,1
2026-01-13 19:42:29,2,Jasmine,Arborio,0
2026-01-13 19:42:30,3,Basmati,Basmati,1
2026-01-13 19:42:32,4,Jasmine,Ipsala,0
2026-01-13 19:42:33,5,Jasmine,Ipsala,0
2026-01-13 19:42:34,6,Jasmine,Ipsala,0
2026-01-13 19:42:36,7,Basmati,Basmati,1
2026-01-13 19:42:37,8,Basmati,Ipsala,0
2026-01-13 19:42:38,9,Arborio,Ipsala,0
2026-01-13 19:42:40,10,Arborio,Arborio,1
2026-01-13 19:42:41,11,Karacadag,Karacadag,1
2026-01-13 19:42:42,12,Arborio,Arborio,1
2026-01-13 19:42:44,13,Ipsala,Ipsala,1
2026-01-13 19:42:45,14,Jasmine,Jasmine,1
2026-01-13 19:42:46,15,Karacadag,Karacadag,1
2026-01-13 19:42:47,16,Arborio,Arborio,1
2026-01-13 19:42:49,17,Arborio,Arborio,1
2026-01-13 19:42:50,18,Karacadag,Karacadag,1
2026-01-13 19:42:51,19,Jasmine,Ipsala,0
2026-01-13 19:42:53,20,Arborio,Ipsala,0
2026-01-13 19:42:54,21,Jasmine,Ipsala,0
2026-01-13 19:42:55,22,Ipsala,Ipsala,1
2026-01-13 19:42:57,23,Arborio,Ipsala,0
2026-01-13 19:42:58,24,Karacadag,Karacadag,1
2026-01-13 19:42:59,25,Arborio,Arborio,1
2026-01-13 19:43:01,26,Arborio,Arborio,1
2026-01-13 19:43:02,27,Karacadag,Karacadag,1
2026-01-13 19:43:03,28,Arborio,Arborio,1
2026-01-13 19:43:05,29,Karacadag,Karacadag,1
2026-01-13 19:43:06,30,Arborio,Arborio,1
2026-01-13 19:43:07,31,Ipsala,Ipsala,1
2026-01-13 19:43:08,32,Jasmine,Ipsala,0
2026-01-13 19:43:10,33,Basmati,Ipsala,0
2026-01-13 19:43:11,34,Ipsala,Ipsala,1
2026-01-13 19:43:12,35,Ipsala,Ipsala,1
2026-01-13 19:43:14,36,Ipsala,Ipsala,1
2026-01-13 19:43:15,37,Jasmine,Ipsala,0
2026-01-13 19:43:16,38,Karacadag,Karacadag,1
2026-01-13 19:43:18,39,Karacadag,Karacadag,1
2026-01-13 19:43:19,40,Karacadag,Karacadag,1
2026-01-13 19:43:20,41,Jasmine,Ipsala,0
2026-01-13 19:43:22,42,Ipsala,Ipsala,1
2026-01-13 19:43:23,43,Karacadag,Karacadag,1
2026-01-13 19:43:24,44,Karacadag,Karacadag,1
2026-01-13 19:43:26,45,Basmati,Basmati,1
2026-01-13 19:43:27,46,Basmati,Basmati,1
2026-01-13 19:43:28,47,Ipsala,Ipsala,1
2026-01-13 19:43:30,48,Arborio,Arborio,1
2026-01-13 19:43:31,49,Arborio,Ipsala,0
2026-01-13 19:43:32,50,Ipsala,Ipsala,1
2026-01-13 19:43:33,51,Jasmine,Ipsala,0
2026-01-13 19:43:35,52,Karacadag,Karacadag,1
2026-01-13 19:43:36,53,Arborio,Arborio,1
2026-01-13 19:43:37,54,Ipsala,Ipsala,1
2026-01-13 19:43:39,55,Arborio,Arborio,1
2026-01-13 19:43:40,56,Jasmine,Basmati,0
2026-01-13 19:43:41,57,Karacadag,Karacadag,1
2026-01-13 19:43:43,58,Ipsala,Ipsala,1
2026-01-13 19:43:44,59,Basmati,Basmati,1
2026-01-13 19:43:45,60,Karacadag,Karacadag,1
2026-01-13 19:43:47,61,Jasmine,Ipsala,0
2026-01-13 19:43:48,62,Basmati,Basmati,1
2026-01-13 19:43:49,63,Karacadag,Karacadag,1
2026-01-13 19:43:51,64,Karacadag,Karacadag,1
2026-01-13 19:43:52,65,Karacadag,Karacadag,1
2026-01-13 19:43:53,66,Ipsala,Ipsala,1
2026-01-13 19:43:54,67,Arborio,Ipsala,0
2026-01-13 19:43:56,68,Ipsala,Ipsala,1
2026-01-13 19:43:57,69,Ipsala,Ipsala,1
2026-01-13 19:43:58,70,Karacadag,Karacadag,1
2026-01-13 19:44:00,71,Jasmine,Ipsala,0
2026-01-13 19:44:01,72,Arborio,Arborio,1
2026-01-13 19:44:02,73,Arborio,Karacadag,0
2026-01-13 19:44:04,74,Jasmine,Ipsala,0
2026-01-13 19:44:05,75,Jasmine,Ipsala,0
2026-01-13 19:44:06,76,Ipsala,Ipsala,1
2026-01-13 19:44:08,77,Ipsala,Ipsala,1
2026-01-13 19:44:09,78,Basmati,Basmati,1
2026-01-13 19:44:10,79,Karacadag,Karacadag,1
2026-01-13 19:44:12,80,Ipsala,Ipsala,1
2026-01-13 19:44:13,81,Ipsala,Ipsala,1
2026-01-13 19:44:14,82,Basmati,Basmati,1
2026-01-13 19:44:16,83,Basmati,Basmati,1
2026-01-13 19:44:17,84,Basmati,Ipsala,0
2026-01-13 19:44:18,85,Ipsala,Ipsala,1
2026-01-13 19:44:19,86,Jasmine,Ipsala,0
2026-01-13 19:44:21,87,Basmati,Basmati,1
2026-01-13 19:44:22,88,Karacadag,Karacadag,1
2026-01-13 19:44:23,89,Karacadag,Karacadag,1
2026-01-13 19:44:25,90,Ipsala,Ipsala,1
2026-01-13 19:44:26,91,Jasmine,Ipsala,0
2026-01-13 19:44:27,92,Basmati,Basmati,1
2026-01-13 19:44:29,93,Arborio,Arborio,1
2026-01-13 19:44:30,94,Arborio,Ipsala,0
2026-01-13 19:44:31,95,Basmati,Ipsala,0
2026-01-13 19:44:33,96,Arborio,Arborio,1
2026-01-13 19:44:34,97,Arborio,Ipsala,0
2026-01-13 19:44:35,98,Ipsala,Ipsala,1
2026-01-13 19:44:37,99,Jasmine,Arborio,0
2026-01-13 19:44:38,100,Ipsala,Ipsala,1
2026-01-13 19:44:39,101,Jasmine,Ipsala,0
2026-01-13 19:44:40,102,Karacadag,Karacadag,1
2026-01-13 19:44:42,103,Ipsala,Ipsala,1
2026-01-13 19:44:43,104,Jasmine,Karacadag,0
2026-01-13 19:44:44,105,Karacadag,Karacadag,1
2026-01-13 19:44:46,106,Arborio,Ipsala,0
2026-01-13 19:44:47,107,Arborio,Ipsala,0
2026-01-13 19:44:48,108,Karacadag,Karacadag,1
2026-01-13 19:44:50,109,Karacadag,Karacadag,1
2026-01-13 19:44:51,110,Jasmine,Arborio,0
2026-01-13 19:44:52,111,Karacadag,Karacadag,1
2026-01-13 19:44:54,112,Ipsala,Ipsala,1
2026-01-13 19:44:55,113,Basmati,Basmati,1
2026-01-13 19:44:56,114,Ipsala,Ipsala,1
2026-01-13 19:44:58,115,Basmati,Basmati,1
2026-01-13 19:44:59,116,Jasmine,Ipsala,0
2026-01-13 19:45:00,117,Karacadag,Karacadag,1
2026-01-13 19:45:02,118,Jasmine,Arborio,0
2026-01-13 19:45:03,119,Arborio,Ipsala,0
2026-01-13 19:45:04,120,Arborio,Arborio,1
2026-01-13 19:45:05,121,Ipsala,Ipsala,1
2026-01-13 19:45:07,122,Basmati,Basmati,1
2026-01-13 19:45:08,123,Karacadag,Karacadag,1
2026-01-13 19:45:09,124,Basmati,Basmati,1
2026-01-13 19:45:11,125,Karacadag,Karacadag,1
2026-01-13 19:45:12,126,Basmati,Basmati,1
2026-01-13 19:45:13,127,Ipsala,Ipsala,1
2026-01-13 19:45:15,128,Jasmine,Ipsala,0
2026-01-13 19:45:16,129,Karacadag,Karacadag,1
2026-01-13 19:45:17,130,Arborio,Arborio,1
2026-01-13 19:45:19,131,Ipsala,Ipsala,1
2026-01-13 19:45:20,132,Karacadag,Karacadag,1
2026-01-13 19:45:21,133,Jasmine,Ipsala,0
2026-01-13 19:45:23,134,Ipsala,Ipsala,1
2026-01-13 19:45:24,135,Karacadag,Karacadag,1
2026-01-13 19:45:25,136,Ipsala,Ipsala,1
2026-01-13 19:45:26,137,Basmati,Basmati,1
2026-01-13 19:45:28,138,Karacadag,Karacadag,1
2026-01-13 19:45:29,139,Arborio,Ipsala,0
2026-01-13 19:45:30,140,Jasmine,Arborio,0
2026-01-13 19:45:32,141,Arborio,Ipsala,0
2026-01-13 19:45:33,142,Basmati,Basmati,1
2026-01-13 19:45:34,143,Ipsala,Ipsala,1
2026-01-13 19:45:36,144,Jasmine,Ipsala,0
2026-01-13 19:45:37,145,Jasmine,Arborio,0
2026-01-13 19:45:38,146,Ipsala,Ipsala,1
2026-01-13 19:45:40,147,Arborio,Arborio,1
2026-01-13 19:45:41,148,Jasmine,Arborio,0
2026-01-13 19:45:42,149,Ipsala,Ipsala,1
2026-01-13 19:45:44,150,Basmati,Basmati,1
2026-01-13 19:45:45,151,Karacadag,Ipsala,0
2026-01-13 19:45:46,152,Basmati,Basmati,1
2026-01-13 19:45:47,153,Ipsala,Ipsala,1
2026-01-13 19:45:49,154,Karacadag,Karacadag,1
2026-01-13 19:45:50,155,Jasmine,Basmati,0
2026-01-13 19:45:51,156,Ipsala,Ipsala,1
2026-01-13 19:45:53,157,Arborio,Ipsala,0
2026-01-13 19:45:54,158,Jasmine,Ipsala,0
2026-01-13 19:45:55,159,Basmati,Ipsala,0
2026-01-13 19:45:57,160,Arborio,Ipsala,0
2026-01-13 19:45:58,161,Karacadag,Karacadag,1
2026-01-13 19:45:59,162,Jasmine,Ipsala,0
2026-01-13 19:46:01,163,Jasmine,Karacadag,0
2026-01-13 19:46:02,164,Ipsala,Ipsala,1
2026-01-13 19:46:03,165,Karacadag,Arborio,0
2026-01-13 19:46:05,166,Jasmine,Arborio,0
2026-01-13 19:46:06,167,Jasmine,Ipsala,0
2026-01-13 19:46:07,168,Karacadag,Karacadag,1
2026-01-13 19:46:09,169,Karacadag,Karacadag,1
2026-01-13 19:46:10,170,Arborio,Arborio,1
2026-01-13 19:46:11,171,Basmati,Ipsala,0
2026-01-13 19:46:12,172,Basmati,Basmati,1
2026-01-13 19:46:14,173,Jasmine,Ipsala,0
2026-01-13 19:46:15,174,Basmati,Basmati,1
2026-01-13 19:46:16,175,Karacadag,Karacadag,1
2026-01-13 19:46:18,176,Ipsala,Ipsala,1
2026-01-13 19:46:19,177,Ipsala,Ipsala,1
2026-01-13 19:46:20,178,Basmati,Ipsala,0
2026-01-13 19:46:22,179,Ipsala,Ipsala,1
2026-01-13 19:46:23,180,Karacadag,Karacadag,1
2026-01-13 19:46:24,181,Ipsala,Ipsala,1
2026-01-13 19:46:26,182,Arborio,Ipsala,0
2026-01-13 19:46:27,183,Jasmine,Ipsala,0
2026-01-13 19:46:28,184,Ipsala,Ipsala,1
2026-01-13 19:46:30,185,Karacadag,Karacadag,1
2026-01-13 19:46:31,186,Ipsala,Ipsala,1
2026-01-13 19:46:32,187,Jasmine,Ipsala,0
2026-01-13 19:46:33,188,Arborio,Arborio,1
2026-01-13 19:46:35,189,Arborio,Arborio,1
2026-01-13 19:46:36,190,Ipsala,Ipsala,1
2026-01-13 19:46:37,191,Ipsala,Ipsala,1
2026-01-13 19:46:39,192,Jasmine,Ipsala,0
2026-01-13 19:46:40,193,Arborio,Arborio,1
2026-01-13 19:46:41,194,Jasmine,Ipsala,0
2026-01-13 19:46:43,195,Ipsala,Ipsala,1
2026-01-13 19:46:44,196,Ipsala,Ipsala,1
2026-01-13 19:46:45,197,Ipsala,Ipsala,1
2026-01-13 19:46:47,198,Jasmine,Ipsala,0
2026-01-13 19:46:48,199,Basmati,Basmati,1
2026-01-13 19:46:49,200,Ipsala,Ipsala,1
2026-01-13 19:46:51,201,Jasmine,Ipsala,0
2026-01-13 19:46:52,202,Basmati,Basmati,1
2026-01-13 19:46:53,203,Arborio,Arborio,1
2026-01-13 19:46:54,204,Arborio,Ipsala,0
2026-01-13 19:46:56,205,Jasmine,Ipsala,0
2026-01-13 19:46:57,206,Basmati,Ipsala,0
2026-01-13 19:46:58,207,Karacadag,Karacadag,1
2026-01-13 19:47:00,208,Jasmine,Ipsala,0
2026-01-13 19:47:01,209,Karacadag,Arborio,0
2026-01-13 19:47:02,210,Karacadag,Karacadag,1
2026-01-13 19:47:04,211,Arborio,Arborio,1
2026-01-13 19:47:05,212,Arborio,Karacadag,0
2026-01-13 19:47:06,213,Jasmine,Ipsala,0
2026-01-13 19:47:08,214,Arborio,Arborio,1
2026-01-13 19:47:09,215,Karacadag,Karacadag,1
2026-01-13 19:47:10,216,Ipsala,Ipsala,1
2026-01-13 19:47:12,217,Arborio,Ipsala,0
2026-01-13 19:47:13,218,Ipsala,Ipsala,1
2026-01-13 19:47:14,219,Ipsala,Ipsala,1
2026-01-13 19:47:16,220,Arborio,Ipsala,0
2026-01-13 19:47:17,221,Jasmine,Ipsala,0
2026-01-13 19:47:18,222,Arborio,Arborio,1
2026-01-13 19:47:19,223,Arborio,Arborio,1
2026-01-13 19:47:21,224,Karacadag,Karacadag,1
2026-01-13 19:47:22,225,Arborio,Arborio,1
2026-01-13 19:47:23,226,Karacadag,Karacadag,1
2026-01-13 19:47:25,227,Jasmine,Ipsala,0
2026-01-13 19:47:26,228,Arborio,Arborio,1
2026-01-13 19:47:27,229,Karacadag,Arborio,0
2026-01-13 19:47:29,230,Karacadag,Karacadag,1
2026-01-13 19:47:30,231,Ipsala,Ipsala,1
2026-01-13 19:47:31,232,Karacadag,Karacadag,1
2026-01-13 19:47:33,233,Ipsala,Ipsala,1
2026-01-13 19:47:34,234,Ipsala,Ipsala,1
2026-01-13 19:47:35,235,Jasmine,Arborio,0
2026-01-13 19:47:37,236,Karacadag,Karacadag,1
2026-01-13 19:47:38,237,Karacadag,Karacadag,1
2026-01-13 19:47:39,238,Ipsala,Ipsala,1
2026-01-13 19:47:40,239,Arborio,Arborio,1
2026-01-13 19:47:42,240,Karacadag,Karacadag,1
2026-01-13 19:47:43,241,Basmati,Ipsala,0
2026-01-13 19:47:44,242,Arborio,Arborio,1
2026-01-13 19:47:46,243,Ipsala,Ipsala,1
2026-01-13 19:47:47,244,Arborio,Ipsala,0
2026-01-13 19:47:48,245,Arborio,Arborio,1
2026-01-13 19:47:50,246,Arborio,Karacadag,0
2026-01-13 19:47:51,247,Basmati,Basmati,1
2026-01-13 19:47:52,248,Arborio,Ipsala,0
2026-01-13 19:47:54,249,Ipsala,Ipsala,1
2026-01-13 19:47:55,250,Arborio,Arborio,1
2026-01-13 19:47:56,251,Arborio,Arborio,1
2026-01-13 19:47:58,252,Jasmine,Ipsala,0
2026-01-13 19:47:59,253,Arborio,Ipsala,0
2026-01-13 19:48:00,254,Arborio,Ipsala,0
2026-01-13 19:48:01,255,Arborio,Arborio,1
2026-01-13 19:48:03,256,Arborio,Arborio,1
2026-01-13 19:48:04,257,Arborio,Arborio,1
2026-01-13 19:48:05,258,Basmati,Basmati,1
2026-01-13 19:48:07,259,Arborio,Ipsala,0
2026-01-13 19:48:08,260,Ipsala,Ipsala,1
2026-01-13 19:48:09,261,Jasmine,Jasmine,1
2026-01-13 19:48:11,262,Arborio,Ipsala,0
2026-01-13 19:48:12,263,Arborio,Karacadag,0
2026-01-13 19:48:13,264,Basmati,Basmati,1
2026-01-13 19:48:15,265,Basmati,Basmati,1
2026-01-13 19:48:16,266,Arborio,Arborio,1
2026-01-13 19:48:17,267,Jasmine,Ipsala,0
2026-01-13 19:48:19,268,Ipsala,Ipsala,1
2026-01-13 19:48:20,269,Basmati,Basmati,1
2026-01-13 19:48:21,270,Basmati,Basmati,1
2026-01-13 19:48:22,271,Jasmine,Ipsala,0
2026-01-13 19:48:24,272,Jasmine,Karacadag,0
2026-01-13 19:48:25,273,Ipsala,Ipsala,1
2026-01-13 19:48:26,274,Jasmine,Arborio,0
2026-01-13 19:48:28,275,Arborio,Ipsala,0
2026-01-13 19:48:29,276,Ipsala,Ipsala,1
2026-01-13 19:48:30,277,Arborio,Karacadag,0
2026-01-13 19:48:32,278,Ipsala,Ipsala,1
2026-01-13 19:48:33,279,Jasmine,Basmati,0
2026-01-13 19:48:34,280,Karacadag,Karacadag,1
2026-01-13 19:48:36,281,Arborio,Arborio,1
2026-01-13 19:48:37,282,Jasmine,Arborio,0
2026-01-13 19:48:38,283,Karacadag,Karacadag,1
2026-01-13 19:48:39,284,Basmati,Basmati,1
2026-01-13 19:48:41,285,Karacadag,Karacadag,1
2026-01-13 19:48:42,286,Jasmine,Arborio,0
2026-01-13 19:48:43,287,Jasmine,Ipsala,0
2026-01-13 19:48:45,288,Basmati,Basmati,1
2026-01-13 19:48:46,289,Ipsala,Ipsala,1
2026-01-13 19:48:47,290,Karacadag,Karacadag,1
2026-01-13 19:48:49,291,Karacadag,Karacadag,1
2026-01-13 19:48:50,292,Jasmine,Ipsala,0
2026-01-13 19:48:51,293,Karacadag,Karacadag,1
2026-01-13 19:48:53,294,Ipsala,Ipsala,1
2026-01-13 19:48:54,295,Jasmine,Ipsala,0
2026-01-13 19:48:55,296,Arborio,Ipsala,0
2026-01-13 19:48:57,297,Arborio,Ipsala,0
2026-01-13 19:48:58,298,Jasmine,Ipsala,0
2026-01-13 19:48:59,299,Karacadag,Karacadag,1
2026-01-13 19:49:00,300,Arborio,Arborio,1
2026-01-13 19:49:02,301,Jasmine,Ipsala,0
2026-01-13 19:49:03,302,Ipsala,Ipsala,1
2026-01-13 19:49:04,303,Karacadag,Karacadag,1
2026-01-13 19:49:06,304,Karacadag,Karacadag,1
2026-01-13 19:49:07,305,Jasmine,Ipsala,0
2026-01-13 19:49:08,306,Basmati,Ipsala,0
2026-01-13 19:49:10,307,Karacadag,Karacadag,1
2026-01-13 19:49:11,308,Karacadag,Karacadag,1
2026-01-13 19:49:12,309,Ipsala,Ipsala,1
2026-01-13 19:49:14,310,Jasmine,Arborio,0
2026-01-13 19:49:15,311,Ipsala,Ipsala,1
2026-01-13 19:49:16,312,Jasmine,Ipsala,0
2026-01-13 19:49:18,313,Ipsala,Ipsala,1
2026-01-13 19:49:19,314,Basmati,Ipsala,0
2026-01-13 19:49:20,315,Basmati,Basmati,1
2026-01-13 19:49:22,316,Ipsala,Ipsala,1
2026-01-13 19:49:23,317,Arborio,Arborio,1
2026-01-13 19:49:24,318,Arborio,Arborio,1
2026-01-13 19:49:25,319,Jasmine,Ipsala,0
2026-01-13 19:49:27,320,Arborio,Ipsala,0
2026-01-13 19:49:28,321,Ipsala,Ipsala,1
2026-01-13 19:49:29,322,Basmati,Basmati,1
2026-01-13 19:49:31,323,Jasmine,Ipsala,0
2026-01-13 19:49:32,324,Ipsala,Ipsala,1
2026-01-13 19:49:33,325,Basmati,Basmati,1
2026-01-13 19:49:35,326,Arborio,Arborio,1
2026-01-13 19:49:36,327,Karacadag,Karacadag,1
2026-01-13 19:49:37,328,Jasmine,Jasmine,1
2026-01-13 19:49:39,329,Karacadag,Karacadag,1
2026-01-13 19:49:40,330,Basmati,Basmati,1
2026-01-13 19:49:41,331,Ipsala,Ipsala,1
2026-01-13 19:49:43,332,Basmati,Basmati,1
2026-01-13 19:49:44,333,Jasmine,Ipsala,0
2026-01-13 19:49:45,334,Karacadag,Karacadag,1
2026-01-13 19:49:46,335,Karacadag,Karacadag,1
2026-01-13 19:49:48,336,Jasmine,Ipsala,0
2026-01-13 19:49:49,337,Basmati,Basmati,1
2026-01-13 19:49:50,338,Basmati,Basmati,1
2026-01-13 19:49:52,339,Basmati,Ipsala,0
2026-01-13 19:49:53,340,Karacadag,Karacadag,1
2026-01-13 19:49:54,341,Karacadag,Karacadag,1
2026-01-13 19:49:56,342,Basmati,Basmati,1
2026-01-13 19:49:57,343,Arborio,Ipsala,0
2026-01-13 19:49:58,344,Karacadag,Karacadag,1
2026-01-13 19:50:00,345,Arborio,Ipsala,0
2026-01-13 19:50:01,346,Jasmine,Ipsala,0
2026-01-13 19:50:02,347,Jasmine,Ipsala,0
2026-01-13 19:50:04,348,Jasmine,Ipsala,0
2026-01-13 19:50:05,349,Jasmine,Arborio,0
2026-01-13 19:50:06,350,Basmati,Basmati,1
2026-01-13 19:50:08,351,Karacadag,Karacadag,1
2026-01-13 19:50:09,352,Jasmine,Jasmine,1
2026-01-13 19:50:10,353,Ipsala,Ipsala,1
2026-01-13 19:50:11,354,Karacadag,Karacadag,1
2026-01-13 19:50:13,355,Ipsala,Ipsala,1
2026-01-13 19:50:14,356,Basmati,Ipsala,0
2026-01-13 19:50:15,357,Karacadag,Karacadag,1
2026-01-13 19:50:17,358,Jasmine,Ipsala,0
2026-01-13 19:50:18,359,Jasmine,Arborio,0
2026-01-13 19:50:19,360,Karacadag,Karacadag,1
2026-01-13 19:50:21,361,Basmati,Basmati,1
2026-01-13 19:50:22,362,Ipsala,Ipsala,1
2026-01-13 19:50:23,363,Ipsala,Ipsala,1
2026-01-13 19:50:25,364,Jasmine,Ipsala,0
2026-01-13 19:50:26,365,Ipsala,Ipsala,1
2026-01-13 19:50:27,366,Karacadag,Karacadag,1
2026-01-13 19:50:29,367,Arborio,Arborio,1
2026-01-13 19:50:30,368,Ipsala,Ipsala,1
2026-01-13 19:50:31,369,Arborio,Ipsala,0
2026-01-13 19:50:32,370,Arborio,Arborio,1
2026-01-13 19:50:34,371,Ipsala,Ipsala,1
2026-01-13 19:50:35,372,Arborio,Arborio,1
2026-01-13 19:50:36,373,Karacadag,Karacadag,1
2026-01-13 19:50:38,374,Arborio,Arborio,1
2026-01-13 19:50:39,375,Ipsala,Ipsala,1
2026-01-13 19:50:40,376,Basmati,Basmati,1
2026-01-13 19:50:42,377,Basmati,Basmati,1
2026-01-13 19:50:43,378,Jasmine,Ipsala,0
2026-01-13 19:50:44,379,Jasmine,Ipsala,0
2026-01-13 19:50:46,380,Karacadag,Karacadag,1
2026-01-13 19:50:47,381,Karacadag,Karacadag,1
2026-01-13 19:50:48,382,Karacadag,Karacadag,1
2026-01-13 19:50:50,383,Ipsala,Ipsala,1
2026-01-13 19:50:51,384,Arborio,Arborio,1
2026-01-13 19:50:52,385,Arborio,Ipsala,0
2026-01-13 19:50:53,386,Arborio,Arborio,1
2026-01-13 19:50:55,387,Karacadag,Karacadag,1
2026-01-13 19:50:56,388,Arborio,Ipsala,0
2026-01-13 19:50:57,389,Basmati,Basmati,1
2026-01-13 19:50:59,390,Arborio,Arborio,1
2026-01-13 19:51:00,391,Basmati,Basmati,1
2026-01-13 19:51:01,392,Basmati,Basmati,1
2026-01-13 19:51:03,393,Basmati,Basmati,1
2026-01-13 19:51:04,394,Basmati,Ipsala,0
2026-01-13 19:51:05,395,Karacadag,Karacadag,1
2026-01-13 19:51:07,396,Karacadag,Karacadag,1
2026-01-13 19:51:08,397,Karacadag,Karacadag,1
2026-01-13 19:51:09,398,Basmati,Basmati,1
2026-01-13 19:51:11,399,Arborio,Arborio,1
2026-01-13 19:51:12,400,Karacadag,Karacadag,1
2026-01-13 19:51:13,401,Karacadag,Karacadag,1
2026-01-13 19:51:15,402,Jasmine,Ipsala,0
2026-01-13 19:51:16,403,Basmati,Basmati,1
2026-01-13 19:51:17,404,Basmati,Basmati,1
2026-01-13 19:51:18,405,Arborio,Arborio,1
2026-01-13 19:51:20,406,Jasmine,Arborio,0
2026-01-13 19:51:21,407,Basmati,Basmati,1
2026-01-13 19:51:22,408,Arborio,Ipsala,0
2026-01-13 19:51:24,409,Basmati,Basmati,1
2026-01-13 19:51:25,410,Basmati,Ipsala,0
2026-01-13 19:51:26,411,Ipsala,Ipsala,1
2026-01-13 19:51:28,412,Arborio,Arborio,1
2026-01-13 19:51:29,413,Arborio,Arborio,1
2026-01-13 19:51:30,414,Basmati,Basmati,1
2026-01-13 19:51:32,415,Karacadag,Karacadag,1
2026-01-13 19:51:33,416,Karacadag,Karacadag,1
2026-01-13 19:51:34,417,Karacadag,Karacadag,1
2026-01-13 19:51:36,418,Ipsala,Ipsala,1
2026-01-13 19:51:37,419,Karacadag,Karacadag,1
2026-01-13 19:51:38,420,Ipsala,Ipsala,1
2026-01-13 19:51:39,421,Karacadag,Karacadag,1
2026-01-13 19:51:41,422,Ipsala,Ipsala,1
2026-01-13 19:51:42,423,Arborio,Arborio,1
2026-01-13 19:51:43,424,Basmati,Basmati,1
2026-01-13 19:51:45,425,Ipsala,Ipsala,1
2026-01-13 19:51:46,426,Basmati,Basmati,1
2026-01-13 19:51:47,427,Arborio,Arborio,1
2026-01-13 19:51:49,428,Jasmine,Ipsala,0
2026-01-13 19:51:50,429,Basmati,Basmati,1
2026-01-13 19:51:51,430,Jasmine,Ipsala,0
2026-01-13 19:51:53,431,Ipsala,Ipsala,1
2026-01-13 19:51:54,432,Ipsala,Ipsala,1
2026-01-13 19:51:55,433,Arborio,Ipsala,0
2026-01-13 19:51:57,434,Arborio,Ipsala,0
2026-01-13 19:51:58,435,Jasmine,Ipsala,0
2026-01-13 19:51:59,436,Basmati,Basmati,1
2026-01-13 19:52:00,437,Basmati,Basmati,1
2026-01-13 19:52:02,438,Ipsala,Ipsala,1
2026-01-13 19:52:03,439,Arborio,Arborio,1
2026-01-13 19:52:04,440,Karacadag,Karacadag,1
2026-01-13 19:52:06,441,Ipsala,Ipsala,1
2026-01-13 19:52:07,442,Karacadag,Karacadag,1
2026-01-13 19:52:08,443,Karacadag,Karacadag,1
2026-01-13 19:52:10,444,Basmati,Ipsala,0
2026-01-13 19:52:11,445,Jasmine,Ipsala,0
2026-01-13 19:52:12,446,Arborio,Ipsala,0
2026-01-13 19:52:14,447,Arborio,Ipsala,0
2026-01-13 19:52:15,448,Basmati,Basmati,1
2026-01-13 19:52:16,449,Arborio,Ipsala,0
2026-01-13 19:52:18,450,Basmati,Basmati,1
2026-01-13 19:52:19,451,Ipsala,Ipsala,1
2026-01-13 19:52:20,452,Ipsala,Ipsala,1
2026-01-13 19:52:22,453,Ipsala,Ipsala,1
2026-01-13 19:52:23,454,Karacadag,Karacadag,1
2026-01-13 19:52:24,455,Arborio,Arborio,1
2026-01-13 19:52:25,456,Basmati,Basmati,1
2026-01-13 19:52:27,457,Arborio,Arborio,1
2026-01-13 19:52:28,458,Basmati,Basmati,1
2026-01-13 19:52:29,459,Karacadag,Karacadag,1
2026-01-13 19:52:31,460,Ipsala,Ipsala,1
2026-01-13 19:52:32,461,Jasmine,Ipsala,0
2026-01-13 19:52:33,462,Karacadag,Karacadag,1
2026-01-13 19:52:35,463,Arborio,Ipsala,0
2026-01-13 19:52:36,464,Jasmine,Ipsala,0
2026-01-13 19:52:37,465,Arborio,Arborio,1
2026-01-13 19:52:39,466,Basmati,Basmati,1
2026-01-13 19:52:40,467,Arborio,Arborio,1
2026-01-13 19:52:41,468,Jasmine,Arborio,0
2026-01-13 19:52:43,469,Basmati,Basmati,1
2026-01-13 19:52:44,470,Basmati,Ipsala,0
2026-01-13 19:52:45,471,Ipsala,Ipsala,1
2026-01-13 19:52:46,472,Arborio,Arborio,1
2026-01-13 19:52:48,473,Karacadag,Karacadag,1
2026-01-13 19:52:49,474,Arborio,Arborio,1
2026-01-13 19:52:50,475,Basmati,Basmati,1
2026-01-13 19:52:52,476,Jasmine,Arborio,0
2026-01-13 19:52:53,477,Ipsala,Ipsala,1
2026-01-13 19:52:54,478,Jasmine,Jasmine,1
2026-01-13 19:52:56,479,Jasmine,Ipsala,0
2026-01-13 19:52:57,480,Ipsala,Ipsala,1
2026-01-13 19:52:58,481,Karacadag,Karacadag,1
2026-01-13 19:53:00,482,Jasmine,Ipsala,0
2026-01-13 19:53:01,483,Karacadag,Karacadag,1
2026-01-13 19:53:02,484,Basmati,Basmati,1
2026-01-13 19:53:04,485,Ipsala,Ipsala,1
2026-01-13 19:53:05,486,Jasmine,Ipsala,0
2026-01-13 19:53:06,487,Ipsala,Ipsala,1
2026-01-13 19:53:07,488,Karacadag,Karacadag,1
2026-01-13 19:53:09,489,Arborio,Arborio,1
2026-01-13 19:53:10,490,Jasmine,Ipsala,0
2026-01-13 19:53:11,491,Basmati,Ipsala,0
2026-01-13 19:53:13,492,Ipsala,Ipsala,1
2026-01-13 19:53:14,493,Jasmine,Basmati,0
2026-01-13 19:53:15,494,Basmati,Basmati,1
2026-01-13 19:53:17,495,Karacadag,Karacadag,1
2026-01-13 19:53:18,496,Arborio,Arborio,1
2026-01-13 19:53:19,497,Karacadag,Karacadag,1
2026-01-13 19:53:21,498,Karacadag,Karacadag,1
2026-01-13 19:53:22,499,Karacadag,Karacadag,1
2026-01-13 19:53:23,500,Basmati,Basmati,1
2026-01-13 19:53:25,501,Ipsala,Ipsala,1
2026-01-13 19:53:26,502,Arborio,Arborio,1
2026-01-13 19:53:27,503,Karacadag,Karacadag,1
2026-01-13 19:53:28,504,Ipsala,Ipsala,1
2026-01-13 19:53:30,505,Arborio,Arborio,1
2026-01-13 19:53:31,506,Karacadag,Karacadag,1
2026-01-13 19:53:32,507,Arborio,Arborio,1
2026-01-13 19:53:34,508,Karacadag,Karacadag,1
2026-01-13 19:53:35,509,Jasmine,Ipsala,0
2026-01-13 19:53:36,510,Ipsala,Ipsala,1
2026-01-13 19:53:38,511,Arborio,Arborio,1
2026-01-13 19:53:39,512,Jasmine,Basmati,0
2026-01-13 19:53:40,513,Jasmine,Jasmine,1
2026-01-13 19:53:42,514,Basmati,Ipsala,0
2026-01-13 19:53:43,515,Ipsala,Ipsala,1
2026-01-13 19:53:44,516,Karacadag,Karacadag,1
2026-01-13 19:53:46,517,Karacadag,Karacadag,1
2026-01-13 19:53:47,518,Jasmine,Ipsala,0
2026-01-13 19:53:48,519,Arborio,Ipsala,0
2026-01-13 19:53:50,520,Basmati,Basmati,1
2026-01-13 19:53:51,521,Ipsala,Ipsala,1
2026-01-13 19:53:52,522,Karacadag,Karacadag,1
2026-01-13 19:53:53,523,Ipsala,Ipsala,1
2026-01-13 19:53:55,524,Karacadag,Karacadag,1
2026-01-13 19:53:56,525,Jasmine,Ipsala,0
2026-01-13 19:53:57,526,Ipsala,Ipsala,1
2026-01-13 19:53:59,527,Basmati,Basmati,1
2026-01-13 19:54:00,528,Karacadag,Karacadag,1
2026-01-13 19:54:01,529,Arborio,Ipsala,0
2026-01-13 19:54:03,530,Karacadag,Karacadag,1
2026-01-13 19:54:04,531,Basmati,Basmati,1
2026-01-13 19:54:05,532,Karacadag,Karacadag,1
2026-01-13 19:54:07,533,Basmati,Basmati,1
2026-01-13 19:54:08,534,Karacadag,Karacadag,1
2026-01-13 19:54:09,535,Basmati,Ipsala,0
2026-01-13 19:54:11,536,Karacadag,Karacadag,1
2026-01-13 19:54:12,537,Arborio,Arborio,1
2026-01-13 19:54:13,538,Arborio,Arborio,1
2026-01-13 19:54:14,539,Karacadag,Karacadag,1
2026-01-13 19:54:16,540,Basmati,Basmati,1
2026-01-13 19:54:17,541,Karacadag,Karacadag,1
2026-01-13 19:54:18,542,Jasmine,Ipsala,0
2026-01-13 19:54:20,543,Jasmine,Arborio,0
2026-01-13 19:54:21,544,Ipsala,Ipsala,1
2026-01-13 19:54:22,545,Ipsala,Ipsala,1
2026-01-13 19:54:24,546,Karacadag,Karacadag,1
2026-01-13 19:54:25,547,Ipsala,Ipsala,1
2026-01-13 19:54:26,548,Basmati,Basmati,1
2026-01-13 19:54:28,549,Karacadag,Karacadag,1
2026-01-13 19:54:29,550,Ipsala,Ipsala,1
2026-01-13 19:54:30,551,Arborio,Arborio,1
2026-01-13 19:54:32,552,Basmati,Basmati,1
2026-01-13 19:54:33,553,Karacadag,Karacadag,1
2026-01-13 19:54:34,554,Karacadag,Karacadag,1
2026-01-13 19:54:36,555,Karacadag,Karacadag,1
2026-01-13 19:54:37,556,Karacadag,Karacadag,1
2026-01-13 19:54:38,557,Karacadag,Karacadag,1
2026-01-13 19:54:39,558,Karacadag,Karacadag,1
2026-01-13 19:54:41,559,Jasmine,Ipsala,0
2026-01-13 19:54:42,560,Basmati,Basmati,1
2026-01-13 19:54:43,561,Basmati,Basmati,1
2026-01-13 19:54:45,562,Jasmine,Ipsala,0
2026-01-13 19:54:46,563,Jasmine,Ipsala,0
2026-01-13 19:54:47,564,Jasmine,Ipsala,0
2026-01-13 19:54:49,565,Jasmine,Ipsala,0
2026-01-13 19:54:50,566,Basmati,Basmati,1
2026-01-13 19:54:51,567,Jasmine,Ipsala,0
2026-01-13 19:54:53,568,Ipsala,Ipsala,1
2026-01-13 19:54:54,569,Ipsala,Ipsala,1
2026-01-13 19:54:55,570,Basmati,Basmati,1
2026-01-13 19:54:57,571,Jasmine,Ipsala,0
2026-01-13 19:54:58,572,Basmati,Ipsala,0
2026-01-13 19:54:59,573,Basmati,Basmati,1
2026-01-13 19:55:00,574,Arborio,Ipsala,0
2026-01-13 19:55:02,575,Basmati,Basmati,1
2026-01-13 19:55:03,576,Ipsala,Ipsala,1
2026-01-13 19:55:04,577,Jasmine,Ipsala,0
2026-01-13 19:55:06,578,Ipsala,Ipsala,1
2026-01-13 19:55:07,579,Karacadag,Karacadag,1
2026-01-13 19:55:08,580,Basmati,Basmati,1
2026-01-13 19:55:10,581,Jasmine,Ipsala,0
2026-01-13 19:55:11,582,Jasmine,Ipsala,0
2026-01-13 19:55:12,583,Ipsala,Ipsala,1
2026-01-13 19:55:14,584,Karacadag,Karacadag,1
2026-01-13 19:55:15,585,Arborio,Ipsala,0
2026-01-13 19:55:16,586,Karacadag,Karacadag,1
2026-01-13 19:55:18,587,Jasmine,Ipsala,0
2026-01-13 19:55:19,588,Ipsala,Ipsala,1
2026-01-13 19:55:20,589,Ipsala,Ipsala,1
2026-01-13 19:55:21,590,Arborio,Ipsala,0
2026-01-13 19:55:23,591,Karacadag,Karacadag,1
2026-01-13 19:55:24,592,Arborio,Arborio,1
2026-01-13 19:55:25,593,Ipsala,Ipsala,1
2026-01-13 19:55:27,594,Ipsala,Ipsala,1
2026-01-13 19:55:28,595,Karacadag,Karacadag,1
2026-01-13 19:55:29,596,Karacadag,Karacadag,1
2026-01-13 19:55:31,597,Arborio,Arborio,1
2026-01-13 19:55:32,598,Jasmine,Ipsala,0
2026-01-13 19:55:33,599,Karacadag,Karacadag,1
2026-01-13 19:55:35,600,Basmati,Basmati,1
2026-01-13 19:55:36,601,Jasmine,Ipsala,0
2026-01-13 19:55:37,602,Arborio,Arborio,1
2026-01-13 19:55:39,603,Arborio,Arborio,1
2026-01-13 19:55:40,604,Arborio,Arborio,1
2026-01-13 19:55:41,605,Karacadag,Arborio,0
2026-01-13 19:55:42,606,Karacadag,Karacadag,1
2026-01-13 19:55:44,607,Ipsala,Ipsala,1
2026-01-13 19:55:45,608,Arborio,Arborio,1
2026-01-13 19:55:46,609,Arborio,Arborio,1
2026-01-13 19:55:48,610,Karacadag,Karacadag,1
2026-01-13 19:55:49,611,Arborio,Ipsala,0
2026-01-13 19:55:50,612,Basmati,Ipsala,0
2026-01-13 19:55:52,613,Basmati,Basmati,1
2026-01-13 19:55:53,614,Jasmine,Ipsala,0
2026-01-13 19:55:54,615,Arborio,Arborio,1
2026-01-13 19:55:56,616,Ipsala,Ipsala,1
2026-01-13 19:55:57,617,Karacadag,Karacadag,1
2026-01-13 19:55:58,618,Jasmine,Jasmine,1
2026-01-13 19:56:00,619,Arborio,Arborio,1
2026-01-13 19:56:01,620,Jasmine,Arborio,0
2026-01-13 19:56:02,621,Basmati,Basmati,1
2026-01-13 19:56:04,622,Arborio,Arborio,1
2026-01-13 19:56:05,623,Ipsala,Ipsala,1
2026-01-13 19:56:06,624,Ipsala,Ipsala,1
2026-01-13 19:56:07,625,Jasmine,Ipsala,0
2026-01-13 19:56:09,626,Arborio,Ipsala,0
2026-01-13 19:56:10,627,Arborio,Arborio,1
2026-01-13 19:56:11,628,Karacadag,Karacadag,1
2026-01-13 19:56:13,629,Karacadag,Karacadag,1
2026-01-13 19:56:14,630,Ipsala,Ipsala,1
2026-01-13 19:56:15,631,Ipsala,Ipsala,1
2026-01-13 19:56:17,632,Basmati,Basmati,1
2026-01-13 19:56:18,633,Arborio,Arborio,1
2026-01-13 19:56:19,634,Karacadag,Karacadag,1
2026-01-13 19:56:21,635,Arborio,Arborio,1
2026-01-13 19:56:22,636,Ipsala,Ipsala,1
2026-01-13 19:56:23,637,Jasmine,Ipsala,0
2026-01-13 19:56:25,638,Karacadag,Karacadag,1
2026-01-13 19:56:26,639,Jasmine,Ipsala,0
2026-01-13 19:56:27,640,Karacadag,Karacadag,1
2026-01-13 19:56:28,641,Basmati,Basmati,1
2026-01-13 19:56:30,642,Basmati,Basmati,1
2026-01-13 19:56:31,643,Basmati,Basmati,1
2026-01-13 19:56:32,644,Karacadag,Karacadag,1
2026-01-13 19:56:34,645,Jasmine,Ipsala,0
2026-01-13 19:56:35,646,Karacadag,Karacadag,1
2026-01-13 19:56:36,647,Arborio,Ipsala,0
2026-01-13 19:56:38,648,Arborio,Arborio,1
2026-01-13 19:56:39,649,Karacadag,Karacadag,1
2026-01-13 19:56:40,650,Ipsala,Ipsala,1
2026-01-13 19:56:42,651,Jasmine,Ipsala,0
2026-01-13 19:56:43,652,Arborio,Ipsala,0
2026-01-13 19:56:44,653,Arborio,Ipsala,0
2026-01-13 19:56:46,654,Ipsala,Ipsala,1
2026-01-13 19:56:47,655,Jasmine,Ipsala,0
2026-01-13 19:56:48,656,Karacadag,Karacadag,1
2026-01-13 19:56:50,657,Jasmine,Ipsala,0
2026-01-13 19:56:51,658,Ipsala,Ipsala,1
2026-01-13 19:56:52,659,Basmati,Basmati,1
2026-01-13 19:56:53,660,Arborio,Ipsala,0
2026-01-13 19:56:55,661,Karacadag,Karacadag,1
2026-01-13 19:56:56,662,Arborio,Arborio,1
2026-01-13 19:56:57,663,Arborio,Arborio,1
2026-01-13 19:56:59,664,Karacadag,Karacadag,1
2026-01-13 19:57:00,665,Arborio,Ipsala,0
2026-01-13 19:57:01,666,Basmati,Basmati,1
2026-01-13 19:57:03,667,Basmati,Basmati,1
2026-01-13 19:57:04,668,Basmati,Basmati,1
2026-01-13 19:57:05,669,Jasmine,Ipsala,0
2026-01-13 19:57:07,670,Arborio,Arborio,1
2026-01-13 19:57:08,671,Jasmine,Ipsala,0
2026-01-13 19:57:09,672,Karacadag,Karacadag,1
2026-01-13 19:57:11,673,Jasmine,Ipsala,0
2026-01-13 19:57:12,674,Arborio,Arborio,1
2026-01-13 19:57:13,675,Basmati,Basmati,1
2026-01-13 19:57:14,676,Karacadag,Karacadag,1
2026-01-13 19:57:16,677,Basmati,Basmati,1
2026-01-13 19:57:17,678,Arborio,Arborio,1
2026-01-13 19:57:18,679,Ipsala,Ipsala,1
2026-01-13 19:57:20,680,Ipsala,Ipsala,1
2026-01-13 19:57:21,681,Basmati,Ipsala,0
2026-01-13 19:57:22,682,Basmati,Basmati,1
2026-01-13 19:57:24,683,Jasmine,Ipsala,0
2026-01-13 19:57:25,684,Karacadag,Karacadag,1
2026-01-13 19:57:26,685,Ipsala,Ipsala,1
2026-01-13 19:57:28,686,Karacadag,Ipsala,0
2026-01-13 19:57:29,687,Jasmine,Arborio,0
2026-01-13 19:57:30,688,Arborio,Arborio,1
2026-01-13 19:57:32,689,Ipsala,Ipsala,1
2026-01-13 19:57:33,690,Arborio,Arborio,1
2026-01-13 19:57:34,691,Basmati,Basmati,1
2026-01-13 19:57:35,692,Karacadag,Karacadag,1
2026-01-13 19:57:37,693,Jasmine,Ipsala,0
2026-01-13 19:57:38,694,Jasmine,Ipsala,0
2026-01-13 19:57:39,695,Arborio,Arborio,1
2026-01-13 19:57:41,696,Jasmine,Ipsala,0
2026-01-13 19:57:42,697,Jasmine,Ipsala,0
2026-01-13 19:57:43,698,Karacadag,Karacadag,1
2026-01-13 19:57:45,699,Karacadag,Karacadag,1
2026-01-13 19:57:46,700,Basmati,Basmati,1
2026-01-13 19:57:47,701,Arborio,Arborio,1
2026-01-13 19:57:49,702,Ipsala,Ipsala,1
2026-01-13 19:57:50,703,Arborio,Ipsala,0
2026-01-13 19:57:51,704,Karacadag,Karacadag,1
2026-01-13 19:57:53,705,Arborio,Ipsala,0
2026-01-13 19:57:54,706,Ipsala,Ipsala,1
2026-01-13 19:57:55,707,Basmati,Basmati,1
2026-01-13 19:57:56,708,Karacadag,Karacadag,1
2026-01-13 19:57:58,709,Jasmine,Arborio,0
2026-01-13 19:57:59,710,Karacadag,Karacadag,1
2026-01-13 19:58:00,711,Ipsala,Ipsala,1
2026-01-13 19:58:02,712,Karacadag,Karacadag,1
2026-01-13 19:58:03,713,Jasmine,Ipsala,0
2026-01-13 19:58:04,714,Ipsala,Ipsala,1
2026-01-13 19:58:06,715,Basmati,Basmati,1
2026-01-13 19:58:07,716,Jasmine,Ipsala,0
2026-01-13 19:58:08,717,Arborio,Arborio,1
2026-01-13 19:58:10,718,Karacadag,Karacadag,1
2026-01-13 19:58:11,719,Karacadag,Karacadag,1
2026-01-13 19:58:12,720,Jasmine,Arborio,0
2026-01-13 19:58:14,721,Basmati,Basmati,1
2026-01-13 19:58:15,722,Karacadag,Karacadag,1
2026-01-13 19:58:16,723,Ipsala,Ipsala,1
2026-01-13 19:58:18,724,Jasmine,Ipsala,0
2026-01-13 19:58:19,725,Karacadag,Karacadag,1
2026-01-13 19:58:20,726,Ipsala,Ipsala,1
2026-01-13 19:58:21,727,Karacadag,Karacadag,1
2026-01-13 19:58:23,728,Karacadag,Karacadag,1
2026-01-13 19:58:24,729,Karacadag,Karacadag,1
2026-01-13 19:58:25,730,Arborio,Ipsala,0
2026-01-13 19:58:27,731,Basmati,Basmati,1
2026-01-13 19:58:28,732,Basmati,Basmati,1
2026-01-13 19:58:29,733,Karacadag,Karacadag,1
2026-01-13 19:58:31,734,Basmati,Basmati,1
2026-01-13 19:58:32,735,Jasmine,Ipsala,0
2026-01-13 19:58:33,736,Arborio,Arborio,1
2026-01-13 19:58:35,737,Karacadag,Karacadag,1
2026-01-13 19:58:36,738,Ipsala,Ipsala,1
2026-01-13 19:58:37,739,Basmati,Basmati,1
2026-01-13 19:58:39,740,Jasmine,Jasmine,1
2026-01-13 19:58:40,741,Basmati,Basmati,1
2026-01-13 19:58:41,742,Ipsala,Ipsala,1
2026-01-13 19:58:42,743,Arborio,Ipsala,0
2026-01-13 19:58:44,744,Jasmine,Ipsala,0
2026-01-13 19:58:45,745,Jasmine,Ipsala,0
2026-01-13 19:58:46,746,Jasmine,Ipsala,0
2026-01-13 19:58:48,747,Basmati,Basmati,1
2026-01-13 19:58:49,748,Ipsala,Ipsala,1
2026-01-13 19:58:50,749,Arborio,Arborio,1
2026-01-13 19:58:52,750,Jasmine,Ipsala,0
2026-01-13 19:58:53,751,Basmati,Basmati,1
2026-01-13 19:58:54,752,Arborio,Arborio,1
2026-01-13 19:58:56,753,Jasmine,Arborio,0
2026-01-13 19:58:57,754,Arborio,Arborio,1
2026-01-13 19:58:58,755,Karacadag,Karacadag,1
2026-01-13 19:59:00,756,Ipsala,Ipsala,1
2026-01-13 19:59:01,757,Jasmine,Karacadag,0
2026-01-13 19:59:02,758,Jasmine,Ipsala,0
2026-01-13 19:59:04,759,Arborio,Ipsala,0
2026-01-13 19:59:05,760,Jasmine,Arborio,0
2026-01-13 19:59:06,761,Arborio,Arborio,1
2026-01-13 19:59:07,762,Karacadag,Karacadag,1
2026-01-13 19:59:09,763,Basmati,Ipsala,0
2026-01-13 19:59:10,764,Karacadag,Karacadag,1
2026-01-13 19:59:11,765,Arborio,Karacadag,0
2026-01-13 19:59:13,766,Basmati,Basmati,1
2026-01-13 19:59:14,767,Karacadag,Karacadag,1
2026-01-13 19:59:15,768,Basmati,Basmati,1
2026-01-13 19:59:17,769,Basmati,Basmati,1
2026-01-13 19:59:18,770,Arborio,Ipsala,0
2026-01-13 19:59:19,771,Jasmine,Ipsala,0
2026-01-13 19:59:21,772,Arborio,Ipsala,0
2026-01-13 19:59:22,773,Karacadag,Karacadag,1
2026-01-13 19:59:23,774,Basmati,Basmati,1
2026-01-13 19:59:25,775,Jasmine,Ipsala,0
2026-01-13 19:59:26,776,Arborio,Ipsala,0
2026-01-13 19:59:27,777,Karacadag,Karacadag,1
2026-01-13 19:59:28,778,Jasmine,Karacadag,0
2026-01-13 19:59:30,779,Ipsala,Ipsala,1
2026-01-13 19:59:31,780,Jasmine,Ipsala,0
2026-01-13 19:59:32,781,Jasmine,Arborio,0
2026-01-13 19:59:34,782,Jasmine,Ipsala,0
2026-01-13 19:59:35,783,Ipsala,Ipsala,1
2026-01-13 19:59:36,784,Arborio,Arborio,1
2026-01-13 19:59:38,785,Jasmine,Karacadag,0
2026-01-13 19:59:39,786,Jasmine,Ipsala,0
2026-01-13 19:59:40,787,Arborio,Ipsala,0
2026-01-13 19:59:42,788,Arborio,Arborio,1
2026-01-13 19:59:43,789,Ipsala,Ipsala,1
2026-01-13 19:59:44,790,Karacadag,Karacadag,1
2026-01-13 19:59:46,791,Jasmine,Ipsala,0
2026-01-13 19:59:47,792,Basmati,Basmati,1
2026-01-13 19:59:48,793,Ipsala,Ipsala,1
2026-01-13 19:59:49,794,Jasmine,Ipsala,0
2026-01-13 19:59:51,795,Karacadag,Karacadag,1
2026-01-13 19:59:52,796,Jasmine,Ipsala,0
2026-01-13 19:59:53,797,Arborio,Ipsala,0
2026-01-13 19:59:55,798,Basmati,Ipsala,0
2026-01-13 19:59:56,799,Ipsala,Ipsala,1
2026-01-13 19:59:57,800,Basmati,Basmati,1
2026-01-13 19:59:59,801,Ipsala,Ipsala,1
2026-01-13 20:00:00,802,Karacadag,Karacadag,1
2026-01-13 20:00:01,803,Karacadag,Karacadag,1
2026-01-13 20:00:03,804,Ipsala,Ipsala,1
2026-01-13 20:00:04,805,Basmati,Basmati,1
2026-01-13 20:00:05,806,Arborio,Arborio,1
2026-01-13 20:00:07,807,Basmati,Basmati,1
2026-01-13 20:00:08,808,Arborio,Ipsala,0
2026-01-13 20:00:09,809,Ipsala,Ipsala,1
2026-01-13 20:00:10,810,Ipsala,Ipsala,1
2026-01-13 20:00:12,811,Jasmine,Karacadag,0
2026-01-13 20:00:13,812,Basmati,Basmati,1
2026-01-13 20:00:14,813,Basmati,Ipsala,0
2026-01-13 20:00:16,814,Karacadag,Karacadag,1
2026-01-13 20:00:17,815,Ipsala,Ipsala,1
2026-01-13 20:00:18,816,Arborio,Ipsala,0
2026-01-13 20:00:20,817,Jasmine,Ipsala,0
2026-01-13 20:00:21,818,Basmati,Basmati,1
2026-01-13 20:00:22,819,Ipsala,Ipsala,1
2026-01-13 20:00:24,820,Arborio,Arborio,1
2026-01-13 20:00:25,821,Jasmine,Arborio,0
2026-01-13 20:00:26,822,Karacadag,Karacadag,1
2026-01-13 20:00:28,823,Basmati,Ipsala,0
2026-01-13 20:00:29,824,Basmati,Basmati,1
2026-01-13 20:00:30,825,Karacadag,Karacadag,1
2026-01-13 20:00:32,826,Basmati,Basmati,1
2026-01-13 20:00:33,827,Basmati,Basmati,1
2026-01-13 20:00:34,828,Karacadag,Karacadag,1
2026-01-13 20:00:35,829,Jasmine,Ipsala,0
2026-01-13 20:00:37,830,Ipsala,Ipsala,1
2026-01-13 20:00:38,831,Arborio,Ipsala,0
2026-01-13 20:00:39,832,Jasmine,Ipsala,0
2026-01-13 20:00:41,833,Karacadag,Karacadag,1
2026-01-13 20:00:42,834,Arborio,Ipsala,0
2026-01-13 20:00:43,835,Karacadag,Karacadag,1
2026-01-13 20:00:45,836,Ipsala,Ipsala,1
2026-01-13 20:00:46,837,Ipsala,Ipsala,1
2026-01-13 20:00:47,838,Jasmine,Ipsala,0
2026-01-13 20:00:49,839,Karacadag,Karacadag,1
2026-01-13 20:00:50,840,Jasmine,Ipsala,0
2026-01-13 20:00:51,841,Jasmine,Ipsala,0
2026-01-13 20:00:53,842,Arborio,Ipsala,0
2026-01-13 20:00:54,843,Arborio,Ipsala,0
2026-01-13 20:00:55,844,Ipsala,Ipsala,1
2026-01-13 20:00:56,845,Karacadag,Karacadag,1
2026-01-13 20:00:58,846,Ipsala,Ipsala,1
2026-01-13 20:00:59,847,Basmati,Basmati,1
2026-01-13 20:01:00,848,Arborio,Ipsala,0
2026-01-13 20:01:02,849,Basmati,Basmati,1
2026-01-13 20:01:03,850,Basmati,Ipsala,0
2026-01-13 20:01:04,851,Basmati,Basmati,1
2026-01-13 20:01:06,852,Ipsala,Ipsala,1
2026-01-13 20:01:07,853,Arborio,Arborio,1
2026-01-13 20:01:08,854,Basmati,Ipsala,0
2026-01-13 20:01:10,855,Jasmine,Jasmine,1
2026-01-13 20:01:11,856,Jasmine,Arborio,0
2026-01-13 20:01:12,857,Karacadag,Karacadag,1
2026-01-13 20:01:14,858,Ipsala,Ipsala,1
2026-01-13 20:01:15,859,Arborio,Arborio,1
2026-01-13 20:01:16,860,Ipsala,Ipsala,1
2026-01-13 20:01:17,861,Arborio,Arborio,1
2026-01-13 20:01:19,862,Arborio,Ipsala,0
2026-01-13 20:01:20,863,Karacadag,Karacadag,1
2026-01-13 20:01:21,864,Karacadag,Karacadag,1
2026-01-13 20:01:23,865,Ipsala,Ipsala,1
2026-01-13 20:01:24,866,Arborio,Arborio,1
2026-01-13 20:01:25,867,Basmati,Ipsala,0
2026-01-13 20:01:27,868,Arborio,Ipsala,0
2026-01-13 20:01:28,869,Basmati,Basmati,1
2026-01-13 20:01:29,870,Ipsala,Ipsala,1
2026-01-13 20:01:31,871,Arborio,Arborio,1
2026-01-13 20:01:32,872,Arborio,Ipsala,0
2026-01-13 20:01:33,873,Ipsala,Ipsala,1
2026-01-13 20:01:35,874,Jasmine,Ipsala,0
2026-01-13 20:01:36,875,Karacadag,Karacadag,1
2026-01-13 20:01:37,876,Basmati,Ipsala,0
2026-01-13 20:01:39,877,Karacadag,Karacadag,1
2026-01-13 20:01:40,878,Karacadag,Karacadag,1
2026-01-13 20:01:41,879,Karacadag,Karacadag,1
2026-01-13 20:01:42,880,Karacadag,Karacadag,1
2026-01-13 20:01:44,881,Jasmine,Ipsala,0
2026-01-13 20:01:45,882,Ipsala,Ipsala,1
2026-01-13 20:01:46,883,Karacadag,Karacadag,1
2026-01-13 20:01:48,884,Ipsala,Ipsala,1
2026-01-13 20:01:49,885,Jasmine,Ipsala,0
2026-01-13 20:01:50,886,Basmati,Basmati,1
2026-01-13 20:01:52,887,Basmati,Basmati,1
2026-01-13 20:01:53,888,Arborio,Karacadag,0
2026-01-13 20:01:54,889,Jasmine,Ipsala,0
2026-01-13 20:01:56,890,Arborio,Ipsala,0
2026-01-13 20:01:57,891,Ipsala,Ipsala,1
2026-01-13 20:01:58,892,Jasmine,Karacadag,0
2026-01-13 20:02:00,893,Basmati,Basmati,1
2026-01-13 20:02:01,894,Karacadag,Karacadag,1
2026-01-13 20:02:02,895,Ipsala,Ipsala,1
2026-01-13 20:02:03,896,Jasmine,Arborio,0
2026-01-13 20:02:05,897,Jasmine,Ipsala,0
2026-01-13 20:02:06,898,Basmati,Basmati,1
2026-01-13 20:02:07,899,Ipsala,Ipsala,1
2026-01-13 20:02:09,900,Karacadag,Karacadag,1
2026-01-13 20:02:10,901,Karacadag,Karacadag,1
2026-01-13 20:02:11,902,Karacadag,Karacadag,1
2026-01-13 20:02:13,903,Basmati,Basmati,1
2026-01-13 20:02:14,904,Basmati,Basmati,1
2026-01-13 20:02:15,905,Arborio,Arborio,1
2026-01-13 20:02:17,906,Arborio,Ipsala,0
2026-01-13 20:02:18,907,Arborio,Arborio,1
2026-01-13 20:02:19,908,Basmati,Ipsala,0
2026-01-13 20:02:21,909,Arborio,Ipsala,0
2026-01-13 20:02:22,910,Basmati,Basmati,1
2026-01-13 20:02:23,911,Karacadag,Karacadag,1
2026-01-13 20:02:24,912,Jasmine,Arborio,0
2026-01-13 20:02:26,913,Ipsala,Ipsala,1
2026-01-13 20:02:27,914,Ipsala,Ipsala,1
2026-01-13 20:02:28,915,Ipsala,Ipsala,1
2026-01-13 20:02:30,916,Arborio,Ipsala,0
2026-01-13 20:02:31,917,Arborio,Arborio,1
2026-01-13 20:02:32,918,Basmati,Ipsala,0
2026-01-13 20:02:34,919,Karacadag,Karacadag,1
2026-01-13 20:02:35,920,Arborio,Ipsala,0
2026-01-13 20:02:36,921,Jasmine,Ipsala,0
2026-01-13 20:02:38,922,Basmati,Basmati,1
2026-01-13 20:02:39,923,Ipsala,Ipsala,1
2026-01-13 20:02:40,924,Jasmine,Arborio,0
2026-01-13 20:02:42,925,Basmati,Basmati,1
2026-01-13 20:02:43,926,Basmati,Basmati,1
2026-01-13 20:02:44,927,Arborio,Arborio,1
2026-01-13 20:02:46,928,Ipsala,Ipsala,1
2026-01-13 20:02:47,929,Ipsala,Ipsala,1
2026-01-13 20:02:48,930,Jasmine,Ipsala,0
2026-01-13 20:02:49,931,Basmati,Basmati,1
2026-01-13 20:02:51,932,Karacadag,Karacadag,1
2026-01-13 20:02:52,933,Arborio,Arborio,1
2026-01-13 20:02:53,934,Jasmine,Ipsala,0
2026-01-13 20:02:55,935,Jasmine,Arborio,0
2026-01-13 20:02:56,936,Ipsala,Ipsala,1
2026-01-13 20:02:57,937,Karacadag,Karacadag,1
2026-01-13 20:02:59,938,Basmati,Basmati,1
2026-01-13 20:03:00,939,Arborio,Arborio,1
2026-01-13 20:03:01,940,Ipsala,Ipsala,1
2026-01-13 20:03:03,941,Karacadag,Karacadag,1
2026-01-13 20:03:04,942,Basmati,Basmati,1
2026-01-13 20:03:05,943,Jasmine,Ipsala,0
2026-01-13 20:03:07,944,Basmati,Ipsala,0
2026-01-13 20:03:08,945,Karacadag,Karacadag,1
2026-01-13 20:03:09,946,Jasmine,Ipsala,0
2026-01-13 20:03:10,947,Arborio,Ipsala,0
2026-01-13 20:03:12,948,Ipsala,Ipsala,1
2026-01-13 20:03:13,949,Arborio,Arborio,1
2026-01-13 20:03:14,950,Ipsala,Ipsala,1
2026-01-13 20:03:16,951,Jasmine,Ipsala,0
2026-01-13 20:03:17,952,Ipsala,Ipsala,1
2026-01-13 20:03:18,953,Arborio,Ipsala,0
2026-01-13 20:03:20,954,Karacadag,Karacadag,1
2026-01-13 20:03:21,955,Karacadag,Karacadag,1
2026-01-13 20:03:22,956,Basmati,Basmati,1
2026-01-13 20:03:24,957,Karacadag,Karacadag,1
2026-01-13 20:03:25,958,Karacadag,Karacadag,1
2026-01-13 20:03:26,959,Ipsala,Ipsala,1
2026-01-13 20:03:28,960,Basmati,Ipsala,0
2026-01-13 20:03:29,961,Basmati,Ipsala,0
2026-01-13 20:03:30,962,Jasmine,Ipsala,0
2026-01-13 20:03:32,963,Basmati,Ipsala,0
2026-01-13 20:03:33,964,Karacadag,Karacadag,1
2026-01-13 20:03:34,965,Ipsala,Ipsala,1
2026-01-13 20:03:35,966,Arborio,Arborio,1
2026-01-13 20:03:37,967,Arborio,Arborio,1
2026-01-13 20:03:38,968,Jasmine,Arborio,0
2026-01-13 20:03:39,969,Arborio,Ipsala,0
2026-01-13 20:03:41,970,Jasmine,Ipsala,0
2026-01-13 20:03:42,971,Jasmine,Ipsala,0
2026-01-13 20:03:43,972,Basmati,Basmati,1
2026-01-13 20:03:45,973,Jasmine,Ipsala,0
2026-01-13 20:03:46,974,Arborio,Ipsala,0
2026-01-13 20:03:47,975,Arborio,Arborio,1
2026-01-13 20:03:49,976,Karacadag,Karacadag,1
2026-01-13 20:03:50,977,Ipsala,Ipsala,1
2026-01-13 20:03:51,978,Basmati,Basmati,1
2026-01-13 20:03:53,979,Arborio,Arborio,1
2026-01-13 20:03:54,980,Arborio,Arborio,1
2026-01-13 20:03:55,981,Ipsala,Ipsala,1
2026-01-13 20:03:56,982,Arborio,Ipsala,0
2026-01-13 20:03:58,983,Basmati,Ipsala,0
2026-01-13 20:03:59,984,Basmati,Ipsala,0
2026-01-13 20:04:00,985,Arborio,Ipsala,0
2026-01-13 20:04:02,986,Arborio,Arborio,1
2026-01-13 20:04:03,987,Basmati,Basmati,1
2026-01-13 20:04:04,988,Jasmine,Ipsala,0
2026-01-13 20:04:06,989,Arborio,Arborio,1
2026-01-13 20:04:07,990,Karacadag,Arborio,0
2026-01-13 20:04:08,991,Karacadag,Karacadag,1
2026-01-13 20:04:10,992,Ipsala,Ipsala,1
2026-01-13 20:04:11,993,Jasmine,Ipsala,0
2026-01-13 20:04:12,994,Basmati,Basmati,1
2026-01-13 20:04:14,995,Ipsala,Ipsala,1
2026-01-13 20:04:15,996,Jasmine,Ipsala,0
2026-01-13 20:04:16,997,Arborio,Arborio,1
2026-01-13 20:04:18,998,Arborio,Karacadag,0
2026-01-13 20:04:19,999,Arborio,Ipsala,0
