Image_Index,Real_Label,Predicted_Label,Is_Correct
0,2,6,0
1,3,3,1
2,4,4,1
3,5,7,0
4,6,3,0
5,7,7,1
6,8,4,0
7,9,9,1
8,0,0,1
9,1,1,1
10,2,4,0
11,3,3,1
12,4,4,1
13,5,2,0
14,6,6,1
15,7,7,1
16,8,7,0
17,9,9,1
18,1,1,1
19,0,0,1
20,1,1,1
21,2,9,0
22,7,6,0
23,5,5,1
24,3,2,0
25,4,4,1
26,4,4,1
27,0,0,1
28,0,0,1
29,6,6,1
30,9,8,0
31,6,6,1
32,6,6,1
33,5,7,0
34,7,6,0
35,2,8,0
36,3,6,0
37,4,2,0
38,4,4,1
39,9,4,0
40,1,1,1
41,4,2,0
42,0,0,1
43,7,7,1
44,9,2,0
45,5,5,1
46,7,6,0
47,2,4,0
48,3,3,1
49,1,1,1
50,4,4,1
51,4,4,1
52,0,0,1
53,9,9,1
54,9,9,1
55,6,6,1
56,1,1,1
57,8,8,1
58,3,3,1
59,3,3,1
60,7,7,1
61,3,3,1
62,9,6,0
63,8,8,1
64,8,5,0
65,4,4,1
66,7,9,0
67,7,9,0
68,6,6,1
69,2,2,1
70,1,1,1
71,9,4,0
72,8,8,1
73,7,7,1
74,8,9,0
75,8,0,0
76,7,9,0
77,2,4,0
78,2,3,0
79,3,6,0
80,9,9,1
81,3,3,1
82,3,3,1
83,5,8,0
84,5,7,0
85,0,0,1
86,7,7,1
87,9,9,1
88,5,2,0
89,6,6,1
90,5,6,0
91,1,1,1
92,4,4,1
93,1,1,1
94,1,1,1
95,2,9,0
96,8,4,0
97,2,7,0
98,6,6,1
99,1,1,1
100,5,7,0
101,0,2,0
102,1,1,1
103,2,4,0
104,3,3,1
105,4,9,0
106,5,7,0
107,6,6,1
108,7,7,1
109,8,4,0
110,9,7,0
111,0,0,1
112,1,1,1
113,2,1,0
114,3,8,0
115,4,2,0
116,5,7,0
117,6,9,0
118,7,7,1
119,8,2,0
120,9,9,1
121,0,0,1
122,1,1,1
123,2,9,0
124,3,0,0
125,4,4,1
126,5,5,1
127,6,3,0
128,7,7,1
129,8,8,1
130,8,8,1
131,0,8,0
132,6,9,0
133,0,3,0
134,0,2,0
135,2,4,0
136,3,3,1
137,7,7,1
138,9,6,0
139,4,5,0
140,7,7,1
141,1,1,1
142,9,6,0
143,1,1,1
144,7,7,1
145,1,1,1
146,4,8,0
147,0,0,1
148,0,8,0
149,1,1,1
150,7,9,0
151,5,3,0
152,7,9,0
153,1,1,1
154,3,3,1
155,3,3,1
156,3,3,1
157,1,1,1
158,6,9,0
159,9,9,1
160,7,4,0
161,1,1,1
162,3,3,1
163,0,2,0
164,2,9,0
165,6,6,1
166,0,8,0
167,8,3,0
168,9,6,0
169,4,2,0
170,3,3,1
171,5,2,0
172,4,3,0
173,8,2,0
174,1,1,1
175,5,5,1
176,9,3,0
177,0,2,0
178,6,4,0
179,6,4,0
180,3,5,0
181,8,8,1
182,1,1,1
183,4,4,1
184,7,9,0
185,5,3,0
186,2,4,0
187,0,3,0
188,0,2,0
189,1,1,1
190,7,7,1
191,8,4,0
192,9,7,0
193,6,4,0
194,8,0,0
195,8,8,1
196,2,2,1
197,3,3,1
198,6,2,0
199,1,1,1
200,2,2,1
201,9,6,0
202,5,7,0
203,2,4,0
204,0,5,0
205,1,1,1
206,2,4,0
207,3,3,1
208,4,9,0
209,5,6,0
210,6,4,0
211,7,4,0
212,8,8,1
213,9,4,0
214,0,0,1
215,1,1,1
216,2,8,0
217,3,6,0
218,4,8,0
219,5,0,0
220,6,3,0
221,7,7,1
222,8,1,0
223,9,9,1
224,0,0,1
225,1,1,1
226,2,3,0
227,3,6,0
228,4,9,0
229,5,6,0
230,6,6,1
231,7,4,0
232,8,8,1
233,9,9,1
234,7,6,0
235,4,9,0
236,6,3,0
237,1,1,1
238,4,9,0
239,0,0,1
240,9,2,0
241,9,2,0
242,3,3,1
243,7,4,0
244,8,1,0
245,4,8,0
246,7,4,0
247,5,5,1
248,8,8,1
249,5,6,0
250,3,9,0
251,2,3,0
252,2,8,0
253,0,0,1
254,5,3,0
255,8,3,0
256,6,6,1
257,0,0,1
258,3,8,0
259,8,8,1
260,1,1,1
261,0,8,0
262,3,3,1
263,0,4,0
264,4,8,0
265,7,7,1
266,4,9,0
267,9,9,1
268,2,8,0
269,9,9,1
270,5,8,0
271,7,9,0
272,1,1,1
273,7,9,0
274,1,1,1
275,6,9,0
276,6,6,1
277,5,5,1
278,6,4,0
279,2,0,0
280,8,3,0
281,7,4,0
282,6,6,1
283,4,9,0
284,9,6,0
285,9,9,1
286,5,5,1
287,3,3,1
288,7,7,1
289,4,9,0
290,3,7,0
291,0,8,0
292,4,8,0
293,6,6,1
294,6,6,1
295,1,1,1
296,1,1,1
297,3,3,1
298,2,3,0
299,1,1,1
300,0,8,0
301,0,0,1
302,1,1,1
303,2,8,0
304,3,3,1
305,4,4,1
306,7,7,1
307,8,8,1
308,9,6,0
309,0,2,0
310,1,1,1
311,2,1,0
312,3,5,0
313,4,4,1
314,5,3,0
315,6,6,1
316,7,7,1
317,8,1,0
318,0,8,0
319,1,1,1
320,2,8,0
321,3,2,0
322,4,4,1
323,7,7,1
324,8,8,1
325,9,6,0
326,0,3,0
327,8,8,1
328,3,3,1
329,9,2,0
330,5,3,0
331,5,1,0
332,2,8,0
333,6,6,1
334,8,3,0
335,4,2,0
336,1,1,1
337,7,7,1
338,1,1,1
339,2,5,0
340,3,5,0
341,5,1,0
342,6,6,1
343,9,6,0
344,1,1,1
345,1,1,1
346,1,1,1
347,2,5,0
348,1,1,1
349,2,5,0
350,0,8,0
351,7,7,1
352,7,7,1
353,5,5,1
354,8,3,0
355,2,5,0
356,9,2,0
357,8,5,0
358,6,8,0
359,7,7,1
360,3,5,0
361,4,4,1
362,6,3,0
363,8,3,0
364,7,7,1
365,0,8,0
366,4,2,0
367,2,0,0
368,7,7,1
369,7,7,1
370,5,3,0
371,4,4,1
372,3,2,0
373,4,2,0
374,2,5,0
375,8,5,0
376,1,1,1
377,5,3,0
378,1,1,1
379,0,8,0
380,2,5,0
381,3,5,0
382,3,3,1
383,5,3,0
384,7,7,1
385,0,8,0
386,6,6,1
387,8,3,0
388,6,8,0
389,3,3,1
390,9,2,0
391,9,7,0
392,8,3,0
393,2,8,0
394,7,7,1
395,7,7,1
396,1,1,1
397,0,2,0
398,1,1,1
399,7,7,1
400,8,8,1
401,9,9,1
402,0,0,1
403,1,1,1
404,2,3,0
405,3,9,0
406,4,4,1
407,5,7,0
408,6,6,1
409,7,7,1
410,8,3,0
411,0,0,1
412,1,1,1
413,2,0,0
414,3,3,1
415,4,3,0
416,7,4,0
417,8,2,0
418,9,4,0
419,7,7,1
420,8,8,1
421,6,4,0
422,4,2,0
423,1,1,1
424,9,4,0
425,3,3,1
426,8,8,1
427,4,5,0
428,4,4,1
429,7,7,1
430,0,0,1
431,1,1,1
432,9,4,0
433,2,9,0
434,8,8,1
435,7,7,1
436,8,8,1
437,2,3,0
438,6,6,1
439,0,0,1
440,6,6,1
441,5,2,0
442,3,8,0
443,3,3,1
444,3,3,1
445,9,2,0
446,1,1,1
447,4,2,0
448,0,3,0
449,6,6,1
450,1,1,1
451,0,8,0
452,0,3,0
453,6,4,0
454,2,4,0
455,1,1,1
456,1,1,1
457,7,7,1
458,7,7,1
459,8,3,0
460,4,4,1
461,6,6,1
462,0,2,0
463,7,7,1
464,0,5,0
465,3,3,1
466,6,6,1
467,8,8,1
468,7,7,1
469,1,1,1
470,5,4,0
471,2,9,0
472,4,4,1
473,9,2,0
474,4,4,1
475,3,5,0
476,6,4,0
477,4,8,0
478,1,1,1
479,7,7,1
480,2,4,0
481,6,9,0
482,5,9,0
483,0,4,0
484,1,1,1
485,2,3,0
486,3,0,0
487,4,4,1
488,5,8,0
489,6,6,1
490,7,7,1
491,8,0,0
492,9,4,0
493,0,9,0
494,1,1,1
495,2,2,1
496,3,3,1
497,4,8,0
498,5,9,0
499,6,6,1
