Window_Index,Real_Label,Real_Activity,Predicted_Label,Predicted_Activity,Is_Correct
0,0,Downstairs,0,Downstairs,1
1,0,Downstairs,0,Downstairs,1
2,0,Downstairs,5,Walking,0
3,0,Downstairs,0,Downstairs,1
4,0,Downstairs,5,Walking,0
5,0,Downstairs,1,Jogging,0
6,1,Jogging,1,Jogging,1
7,1,Jogging,1,Jogging,1
8,1,Jogging,1,Jogging,1
9,1,Jogging,1,Jogging,1
10,1,Jogging,1,Jogging,1
11,1,Jogging,1,Jogging,1
12,1,Jogging,1,Jogging,1
13,1,Jogging,4,Upstairs,0
14,1,Jogging,1,Jogging,1
15,1,Jogging,4,Upstairs,0
16,1,Jogging,4,Upstairs,0
17,1,Jogging,4,Upstairs,0
18,1,Jogging,4,Upstairs,0
19,1,Jogging,1,Jogging,1
20,1,Jogging,1,Jogging,1
21,1,Jogging,1,Jogging,1
22,1,Jogging,4,Upstairs,0
23,1,Jogging,4,Upstairs,0
24,1,Jogging,1,Jogging,1
25,1,Jogging,4,Upstairs,0
26,1,Jogging,1,Jogging,1
27,1,Jogging,1,Jogging,1
28,1,Jogging,4,Upstairs,0
29,1,Jogging,1,Jogging,1
30,1,Jogging,1,Jogging,1
31,1,Jogging,1,Jogging,1
32,1,Jogging,1,Jogging,1
33,1,Jogging,4,Upstairs,0
34,1,Jogging,1,Jogging,1
35,1,Jogging,1,Jogging,1
36,1,Jogging,4,Upstairs,0
37,1,Jogging,4,Upstairs,0
38,1,Jogging,1,Jogging,1
39,1,Jogging,4,Upstairs,0
40,1,Jogging,1,Jogging,1
41,1,Jogging,1,Jogging,1
42,1,Jogging,1,Jogging,1
43,1,Jogging,0,Downstairs,0
44,1,Jogging,1,Jogging,1
45,1,Jogging,1,Jogging,1
46,1,Jogging,1,Jogging,1
47,1,Jogging,1,Jogging,1
48,1,Jogging,1,Jogging,1
49,1,Jogging,1,Jogging,1
50,1,Jogging,4,Upstairs,0
51,1,Jogging,4,Upstairs,0
52,1,Jogging,4,Upstairs,0
53,1,Jogging,4,Upstairs,0
54,2,Sitting,4,Upstairs,0
55,2,Sitting,3,Standing,0
56,2,Sitting,3,Standing,0
57,2,Sitting,3,Standing,0
58,2,Sitting,3,Standing,0
59,2,Sitting,3,Standing,0
60,2,Sitting,3,Standing,0
61,2,Sitting,3,Standing,0
62,2,Sitting,3,Standing,0
63,2,Sitting,3,Standing,0
64,2,Sitting,3,Standing,0
65,2,Sitting,3,Standing,0
66,2,Sitting,3,Standing,0
67,2,Sitting,3,Standing,0
68,2,Sitting,3,Standing,0
69,2,Sitting,3,Standing,0
70,2,Sitting,3,Standing,0
71,3,Standing,3,Standing,1
72,3,Standing,3,Standing,1
73,3,Standing,3,Standing,1
74,3,Standing,3,Standing,1
75,3,Standing,3,Standing,1
76,3,Standing,3,Standing,1
77,3,Standing,3,Standing,1
78,3,Standing,3,Standing,1
79,3,Standing,3,Standing,1
80,3,Standing,3,Standing,1
81,3,Standing,3,Standing,1
82,3,Standing,3,Standing,1
83,4,Upstairs,4,Upstairs,1
84,4,Upstairs,4,Upstairs,1
85,4,Upstairs,5,Walking,0
86,4,Upstairs,5,Walking,0
87,4,Upstairs,5,Walking,0
88,4,Upstairs,5,Walking,0
89,4,Upstairs,5,Walking,0
90,4,Upstairs,5,Walking,0
91,5,Walking,5,Walking,1
92,5,Walking,5,Walking,1
93,5,Walking,5,Walking,1
94,5,Walking,5,Walking,1
95,5,Walking,5,Walking,1
96,5,Walking,5,Walking,1
97,5,Walking,5,Walking,1
98,5,Walking,4,Upstairs,0
99,5,Walking,4,Upstairs,0
100,5,Walking,5,Walking,1
101,5,Walking,4,Upstairs,0
102,5,Walking,4,Upstairs,0
103,5,Walking,4,Upstairs,0
104,5,Walking,4,Upstairs,0
105,5,Walking,4,Upstairs,0
106,5,Walking,1,Jogging,0
107,5,Walking,1,Jogging,0
108,5,Walking,1,Jogging,0
109,5,Walking,1,Jogging,0
110,5,Walking,1,Jogging,0
111,5,Walking,1,Jogging,0
112,5,Walking,1,Jogging,0
113,5,Walking,1,Jogging,0
114,5,Walking,1,Jogging,0
115,5,Walking,1,Jogging,0
116,5,Walking,1,Jogging,0
117,5,Walking,1,Jogging,0
118,5,Walking,1,Jogging,0
119,5,Walking,0,Downstairs,0
120,5,Walking,1,Jogging,0
121,5,Walking,1,Jogging,0
122,5,Walking,1,Jogging,0
123,5,Walking,1,Jogging,0
124,5,Walking,1,Jogging,0
125,5,Walking,1,Jogging,0
126,5,Walking,1,Jogging,0
127,5,Walking,1,Jogging,0
128,5,Walking,1,Jogging,0
129,5,Walking,0,Downstairs,0
130,5,Walking,1,Jogging,0
131,5,Walking,0,Downstairs,0
132,5,Walking,1,Jogging,0
133,5,Walking,0,Downstairs,0
134,0,Downstairs,1,Jogging,0
135,0,Downstairs,5,Walking,0
136,0,Downstairs,5,Walking,0
137,0,Downstairs,5,Walking,0
138,0,Downstairs,5,Walking,0
139,0,Downstairs,5,Walking,0
140,0,Downstairs,5,Walking,0
141,0,Downstairs,5,Walking,0
142,0,Downstairs,5,Walking,0
143,1,Jogging,1,Jogging,1
144,1,Jogging,1,Jogging,1
145,1,Jogging,1,Jogging,1
146,1,Jogging,1,Jogging,1
147,1,Jogging,1,Jogging,1
148,1,Jogging,1,Jogging,1
149,1,Jogging,1,Jogging,1
150,1,Jogging,1,Jogging,1
151,1,Jogging,1,Jogging,1
152,1,Jogging,1,Jogging,1
153,1,Jogging,1,Jogging,1
154,1,Jogging,1,Jogging,1
155,1,Jogging,1,Jogging,1
156,1,Jogging,1,Jogging,1
157,1,Jogging,1,Jogging,1
158,1,Jogging,1,Jogging,1
159,1,Jogging,1,Jogging,1
160,1,Jogging,1,Jogging,1
161,1,Jogging,1,Jogging,1
162,1,Jogging,1,Jogging,1
163,1,Jogging,1,Jogging,1
164,1,Jogging,1,Jogging,1
165,1,Jogging,1,Jogging,1
166,1,Jogging,1,Jogging,1
167,1,Jogging,1,Jogging,1
168,1,Jogging,1,Jogging,1
169,1,Jogging,1,Jogging,1
170,1,Jogging,1,Jogging,1
171,1,Jogging,1,Jogging,1
172,1,Jogging,1,Jogging,1
173,2,Sitting,5,Walking,0
174,2,Sitting,2,Sitting,1
175,2,Sitting,2,Sitting,1
176,2,Sitting,2,Sitting,1
177,2,Sitting,2,Sitting,1
178,2,Sitting,2,Sitting,1
179,2,Sitting,2,Sitting,1
180,2,Sitting,2,Sitting,1
181,2,Sitting,2,Sitting,1
182,2,Sitting,2,Sitting,1
183,2,Sitting,2,Sitting,1
184,2,Sitting,2,Sitting,1
185,2,Sitting,2,Sitting,1
186,3,Standing,3,Standing,1
187,3,Standing,3,Standing,1
188,3,Standing,3,Standing,1
189,3,Standing,3,Standing,1
190,3,Standing,3,Standing,1
191,3,Standing,3,Standing,1
192,3,Standing,3,Standing,1
193,3,Standing,3,Standing,1
194,3,Standing,3,Standing,1
195,3,Standing,3,Standing,1
196,3,Standing,3,Standing,1
197,3,Standing,3,Standing,1
198,3,Standing,3,Standing,1
199,4,Upstairs,4,Upstairs,1
200,4,Upstairs,4,Upstairs,1
201,4,Upstairs,0,Downstairs,0
202,4,Upstairs,5,Walking,0
203,4,Upstairs,5,Walking,0
204,4,Upstairs,4,Upstairs,1
205,4,Upstairs,4,Upstairs,1
206,4,Upstairs,4,Upstairs,1
207,4,Upstairs,4,Upstairs,1
208,4,Upstairs,4,Upstairs,1
209,4,Upstairs,4,Upstairs,1
210,4,Upstairs,5,Walking,0
211,4,Upstairs,5,Walking,0
212,4,Upstairs,5,Walking,0
213,4,Upstairs,5,Walking,0
214,4,Upstairs,5,Walking,0
215,4,Upstairs,4,Upstairs,1
216,4,Upstairs,4,Upstairs,1
217,4,Upstairs,4,Upstairs,1
218,5,Walking,4,Upstairs,0
219,5,Walking,0,Downstairs,0
220,5,Walking,5,Walking,1
221,5,Walking,5,Walking,1
222,5,Walking,5,Walking,1
223,5,Walking,5,Walking,1
224,5,Walking,5,Walking,1
225,5,Walking,0,Downstairs,0
226,5,Walking,0,Downstairs,0
227,5,Walking,5,Walking,1
228,5,Walking,0,Downstairs,0
229,5,Walking,0,Downstairs,0
230,5,Walking,0,Downstairs,0
231,5,Walking,0,Downstairs,0
232,5,Walking,0,Downstairs,0
233,5,Walking,5,Walking,1
234,5,Walking,5,Walking,1
235,5,Walking,0,Downstairs,0
236,5,Walking,0,Downstairs,0
237,5,Walking,5,Walking,1
238,5,Walking,0,Downstairs,0
239,5,Walking,0,Downstairs,0
240,5,Walking,0,Downstairs,0
241,5,Walking,0,Downstairs,0
242,5,Walking,0,Downstairs,0
243,5,Walking,0,Downstairs,0
244,5,Walking,4,Upstairs,0
245,5,Walking,0,Downstairs,0
246,5,Walking,0,Downstairs,0
247,5,Walking,0,Downstairs,0
248,5,Walking,0,Downstairs,0
249,5,Walking,5,Walking,1
250,5,Walking,5,Walking,1
251,5,Walking,0,Downstairs,0
252,5,Walking,5,Walking,1
253,5,Walking,0,Downstairs,0
254,5,Walking,5,Walking,1
255,5,Walking,0,Downstairs,0
256,5,Walking,0,Downstairs,0
257,5,Walking,0,Downstairs,0
258,5,Walking,0,Downstairs,0
259,5,Walking,0,Downstairs,0
260,5,Walking,5,Walking,1
261,5,Walking,5,Walking,1
262,5,Walking,0,Downstairs,0
263,5,Walking,0,Downstairs,0
264,5,Walking,5,Walking,1
265,5,Walking,0,Downstairs,0
266,5,Walking,5,Walking,1
267,5,Walking,5,Walking,1
268,5,Walking,5,Walking,1
269,5,Walking,5,Walking,1
270,5,Walking,5,Walking,1
271,5,Walking,0,Downstairs,0
272,5,Walking,0,Downstairs,0
273,5,Walking,0,Downstairs,0
274,5,Walking,0,Downstairs,0
275,5,Walking,0,Downstairs,0
276,5,Walking,4,Upstairs,0
277,5,Walking,5,Walking,1
278,5,Walking,5,Walking,1
279,5,Walking,5,Walking,1
280,5,Walking,5,Walking,1
281,5,Walking,5,Walking,1
282,5,Walking,5,Walking,1
283,5,Walking,5,Walking,1
284,5,Walking,5,Walking,1
285,5,Walking,5,Walking,1
286,5,Walking,5,Walking,1
287,5,Walking,5,Walking,1
288,5,Walking,5,Walking,1
289,5,Walking,5,Walking,1
290,5,Walking,5,Walking,1
291,5,Walking,5,Walking,1
292,5,Walking,5,Walking,1
293,5,Walking,5,Walking,1
294,5,Walking,5,Walking,1
295,5,Walking,5,Walking,1
296,5,Walking,5,Walking,1
297,5,Walking,5,Walking,1
298,5,Walking,5,Walking,1
299,5,Walking,5,Walking,1
300,5,Walking,5,Walking,1
301,5,Walking,5,Walking,1
302,5,Walking,5,Walking,1
303,5,Walking,5,Walking,1
304,5,Walking,5,Walking,1
305,5,Walking,5,Walking,1
306,5,Walking,5,Walking,1
307,5,Walking,5,Walking,1
308,5,Walking,5,Walking,1
309,5,Walking,5,Walking,1
310,5,Walking,5,Walking,1
311,5,Walking,5,Walking,1
312,5,Walking,5,Walking,1
313,5,Walking,5,Walking,1
314,5,Walking,5,Walking,1
315,5,Walking,5,Walking,1
316,5,Walking,5,Walking,1
317,5,Walking,5,Walking,1
318,5,Walking,5,Walking,1
319,5,Walking,5,Walking,1
320,5,Walking,5,Walking,1
321,5,Walking,5,Walking,1
322,5,Walking,5,Walking,1
323,5,Walking,5,Walking,1
324,5,Walking,5,Walking,1
325,5,Walking,5,Walking,1
326,5,Walking,5,Walking,1
327,5,Walking,5,Walking,1
328,5,Walking,5,Walking,1
329,5,Walking,5,Walking,1
330,5,Walking,5,Walking,1
331,5,Walking,5,Walking,1
332,5,Walking,5,Walking,1
333,5,Walking,5,Walking,1
334,5,Walking,5,Walking,1
335,5,Walking,5,Walking,1
336,5,Walking,5,Walking,1
337,5,Walking,5,Walking,1
338,5,Walking,5,Walking,1
339,5,Walking,5,Walking,1
340,5,Walking,5,Walking,1
341,5,Walking,5,Walking,1
342,5,Walking,5,Walking,1
343,5,Walking,5,Walking,1
344,5,Walking,5,Walking,1
345,5,Walking,5,Walking,1
346,5,Walking,5,Walking,1
347,5,Walking,5,Walking,1
348,5,Walking,5,Walking,1
349,5,Walking,5,Walking,1
350,5,Walking,5,Walking,1
351,5,Walking,5,Walking,1
352,5,Walking,5,Walking,1
353,5,Walking,5,Walking,1
354,5,Walking,5,Walking,1
355,5,Walking,5,Walking,1
356,5,Walking,5,Walking,1
357,5,Walking,5,Walking,1
358,5,Walking,5,Walking,1
359,5,Walking,5,Walking,1
360,5,Walking,5,Walking,1
361,5,Walking,5,Walking,1
362,5,Walking,5,Walking,1
363,5,Walking,5,Walking,1
364,5,Walking,5,Walking,1
365,5,Walking,5,Walking,1
366,5,Walking,5,Walking,1
367,5,Walking,5,Walking,1
368,5,Walking,5,Walking,1
369,5,Walking,5,Walking,1
370,5,Walking,5,Walking,1
371,5,Walking,5,Walking,1
372,5,Walking,5,Walking,1
373,5,Walking,5,Walking,1
374,0,Downstairs,5,Walking,0
375,0,Downstairs,5,Walking,0
376,0,Downstairs,0,Downstairs,1
377,0,Downstairs,0,Downstairs,1
378,0,Downstairs,1,Jogging,0
379,1,Jogging,1,Jogging,1
380,1,Jogging,1,Jogging,1
381,1,Jogging,1,Jogging,1
382,1,Jogging,1,Jogging,1
383,1,Jogging,1,Jogging,1
384,1,Jogging,1,Jogging,1
385,1,Jogging,1,Jogging,1
386,1,Jogging,1,Jogging,1
387,1,Jogging,1,Jogging,1
388,1,Jogging,1,Jogging,1
389,1,Jogging,1,Jogging,1
390,1,Jogging,1,Jogging,1
391,1,Jogging,1,Jogging,1
392,1,Jogging,1,Jogging,1
393,1,Jogging,1,Jogging,1
394,1,Jogging,1,Jogging,1
395,1,Jogging,1,Jogging,1
396,1,Jogging,1,Jogging,1
397,1,Jogging,1,Jogging,1
398,1,Jogging,1,Jogging,1
399,1,Jogging,1,Jogging,1
400,1,Jogging,1,Jogging,1
401,1,Jogging,1,Jogging,1
402,1,Jogging,1,Jogging,1
403,1,Jogging,1,Jogging,1
404,1,Jogging,1,Jogging,1
405,1,Jogging,1,Jogging,1
406,1,Jogging,1,Jogging,1
407,1,Jogging,1,Jogging,1
408,1,Jogging,1,Jogging,1
409,1,Jogging,1,Jogging,1
410,1,Jogging,1,Jogging,1
411,1,Jogging,1,Jogging,1
412,1,Jogging,1,Jogging,1
413,1,Jogging,1,Jogging,1
414,1,Jogging,1,Jogging,1
415,1,Jogging,1,Jogging,1
416,1,Jogging,1,Jogging,1
417,1,Jogging,1,Jogging,1
418,1,Jogging,1,Jogging,1
419,1,Jogging,1,Jogging,1
420,1,Jogging,1,Jogging,1
421,1,Jogging,1,Jogging,1
422,1,Jogging,5,Walking,0
423,1,Jogging,5,Walking,0
424,1,Jogging,5,Walking,0
425,1,Jogging,5,Walking,0
426,1,Jogging,5,Walking,0
427,1,Jogging,5,Walking,0
428,1,Jogging,5,Walking,0
429,1,Jogging,5,Walking,0
430,1,Jogging,1,Jogging,1
431,1,Jogging,1,Jogging,1
432,1,Jogging,1,Jogging,1
433,1,Jogging,1,Jogging,1
434,1,Jogging,1,Jogging,1
435,1,Jogging,1,Jogging,1
436,1,Jogging,1,Jogging,1
437,1,Jogging,1,Jogging,1
438,1,Jogging,1,Jogging,1
439,1,Jogging,1,Jogging,1
440,1,Jogging,1,Jogging,1
441,1,Jogging,1,Jogging,1
442,1,Jogging,1,Jogging,1
443,1,Jogging,1,Jogging,1
444,1,Jogging,1,Jogging,1
445,1,Jogging,1,Jogging,1
446,1,Jogging,1,Jogging,1
447,1,Jogging,1,Jogging,1
448,1,Jogging,1,Jogging,1
449,1,Jogging,1,Jogging,1
450,1,Jogging,1,Jogging,1
451,1,Jogging,1,Jogging,1
452,1,Jogging,1,Jogging,1
453,1,Jogging,1,Jogging,1
454,1,Jogging,1,Jogging,1
455,1,Jogging,1,Jogging,1
456,1,Jogging,1,Jogging,1
457,1,Jogging,1,Jogging,1
458,1,Jogging,1,Jogging,1
459,1,Jogging,1,Jogging,1
460,1,Jogging,1,Jogging,1
461,1,Jogging,1,Jogging,1
462,1,Jogging,1,Jogging,1
463,1,Jogging,1,Jogging,1
464,1,Jogging,1,Jogging,1
465,1,Jogging,1,Jogging,1
466,1,Jogging,1,Jogging,1
467,1,Jogging,1,Jogging,1
468,1,Jogging,1,Jogging,1
469,1,Jogging,1,Jogging,1
470,1,Jogging,1,Jogging,1
471,1,Jogging,1,Jogging,1
472,1,Jogging,1,Jogging,1
473,2,Sitting,2,Sitting,1
474,2,Sitting,2,Sitting,1
475,2,Sitting,2,Sitting,1
476,2,Sitting,2,Sitting,1
477,2,Sitting,2,Sitting,1
478,2,Sitting,2,Sitting,1
479,2,Sitting,2,Sitting,1
480,2,Sitting,2,Sitting,1
481,2,Sitting,2,Sitting,1
482,2,Sitting,2,Sitting,1
483,2,Sitting,2,Sitting,1
484,2,Sitting,2,Sitting,1
485,2,Sitting,2,Sitting,1
486,2,Sitting,2,Sitting,1
487,2,Sitting,2,Sitting,1
488,2,Sitting,2,Sitting,1
489,2,Sitting,2,Sitting,1
490,2,Sitting,2,Sitting,1
491,2,Sitting,2,Sitting,1
492,2,Sitting,2,Sitting,1
493,2,Sitting,2,Sitting,1
494,3,Standing,4,Upstairs,0
495,3,Standing,3,Standing,1
496,3,Standing,3,Standing,1
497,3,Standing,3,Standing,1
498,3,Standing,3,Standing,1
499,3,Standing,3,Standing,1
500,3,Standing,3,Standing,1
501,3,Standing,3,Standing,1
502,3,Standing,3,Standing,1
503,3,Standing,3,Standing,1
504,3,Standing,3,Standing,1
505,3,Standing,3,Standing,1
506,3,Standing,5,Walking,0
507,4,Upstairs,5,Walking,0
508,4,Upstairs,5,Walking,0
509,4,Upstairs,5,Walking,0
510,4,Upstairs,5,Walking,0
511,4,Upstairs,5,Walking,0
512,4,Upstairs,5,Walking,0
513,4,Upstairs,5,Walking,0
514,4,Upstairs,5,Walking,0
515,4,Upstairs,5,Walking,0
516,5,Walking,5,Walking,1
517,5,Walking,5,Walking,1
518,5,Walking,5,Walking,1
519,5,Walking,5,Walking,1
520,5,Walking,5,Walking,1
521,5,Walking,5,Walking,1
522,5,Walking,5,Walking,1
523,5,Walking,5,Walking,1
524,5,Walking,5,Walking,1
525,5,Walking,5,Walking,1
526,5,Walking,5,Walking,1
527,5,Walking,5,Walking,1
528,5,Walking,5,Walking,1
529,5,Walking,5,Walking,1
530,5,Walking,5,Walking,1
531,5,Walking,5,Walking,1
532,5,Walking,5,Walking,1
533,5,Walking,5,Walking,1
534,5,Walking,5,Walking,1
535,5,Walking,5,Walking,1
536,5,Walking,5,Walking,1
537,5,Walking,5,Walking,1
538,5,Walking,5,Walking,1
539,5,Walking,5,Walking,1
540,5,Walking,5,Walking,1
541,5,Walking,0,Downstairs,0
542,5,Walking,5,Walking,1
543,5,Walking,5,Walking,1
544,5,Walking,5,Walking,1
545,5,Walking,5,Walking,1
546,5,Walking,5,Walking,1
547,5,Walking,5,Walking,1
548,5,Walking,5,Walking,1
549,5,Walking,5,Walking,1
550,5,Walking,5,Walking,1
551,5,Walking,5,Walking,1
552,5,Walking,5,Walking,1
553,5,Walking,5,Walking,1
554,5,Walking,5,Walking,1
555,5,Walking,5,Walking,1
556,0,Downstairs,0,Downstairs,1
557,0,Downstairs,0,Downstairs,1
558,0,Downstairs,0,Downstairs,1
559,0,Downstairs,4,Upstairs,0
560,0,Downstairs,0,Downstairs,1
561,0,Downstairs,4,Upstairs,0
562,0,Downstairs,0,Downstairs,1
563,0,Downstairs,0,Downstairs,1
564,0,Downstairs,4,Upstairs,0
565,1,Jogging,1,Jogging,1
566,1,Jogging,1,Jogging,1
567,1,Jogging,1,Jogging,1
568,1,Jogging,1,Jogging,1
569,1,Jogging,1,Jogging,1
570,1,Jogging,1,Jogging,1
571,1,Jogging,1,Jogging,1
572,1,Jogging,1,Jogging,1
573,1,Jogging,1,Jogging,1
574,1,Jogging,1,Jogging,1
575,1,Jogging,1,Jogging,1
576,1,Jogging,1,Jogging,1
577,1,Jogging,1,Jogging,1
578,1,Jogging,1,Jogging,1
579,1,Jogging,1,Jogging,1
580,1,Jogging,1,Jogging,1
581,1,Jogging,1,Jogging,1
582,1,Jogging,1,Jogging,1
583,1,Jogging,1,Jogging,1
584,1,Jogging,1,Jogging,1
585,1,Jogging,1,Jogging,1
586,1,Jogging,1,Jogging,1
587,1,Jogging,1,Jogging,1
588,1,Jogging,1,Jogging,1
589,1,Jogging,1,Jogging,1
590,1,Jogging,1,Jogging,1
591,1,Jogging,1,Jogging,1
592,1,Jogging,1,Jogging,1
593,1,Jogging,1,Jogging,1
594,1,Jogging,1,Jogging,1
595,1,Jogging,1,Jogging,1
596,1,Jogging,1,Jogging,1
597,1,Jogging,1,Jogging,1
598,1,Jogging,1,Jogging,1
599,1,Jogging,1,Jogging,1
600,1,Jogging,1,Jogging,1
601,1,Jogging,1,Jogging,1
602,1,Jogging,1,Jogging,1
603,1,Jogging,1,Jogging,1
604,1,Jogging,1,Jogging,1
605,1,Jogging,1,Jogging,1
606,1,Jogging,1,Jogging,1
607,1,Jogging,1,Jogging,1
608,1,Jogging,1,Jogging,1
609,1,Jogging,1,Jogging,1
610,1,Jogging,1,Jogging,1
611,1,Jogging,1,Jogging,1
612,2,Sitting,0,Downstairs,0
613,2,Sitting,2,Sitting,1
614,2,Sitting,2,Sitting,1
615,2,Sitting,2,Sitting,1
616,2,Sitting,2,Sitting,1
617,2,Sitting,2,Sitting,1
618,2,Sitting,2,Sitting,1
619,2,Sitting,2,Sitting,1
620,2,Sitting,2,Sitting,1
621,2,Sitting,2,Sitting,1
622,2,Sitting,2,Sitting,1
623,2,Sitting,2,Sitting,1
624,2,Sitting,2,Sitting,1
625,2,Sitting,2,Sitting,1
626,2,Sitting,2,Sitting,1
627,2,Sitting,2,Sitting,1
628,2,Sitting,2,Sitting,1
629,2,Sitting,2,Sitting,1
630,2,Sitting,2,Sitting,1
631,2,Sitting,1,Jogging,0
632,3,Standing,3,Standing,1
633,3,Standing,3,Standing,1
634,3,Standing,3,Standing,1
635,3,Standing,3,Standing,1
636,3,Standing,3,Standing,1
637,3,Standing,3,Standing,1
638,3,Standing,3,Standing,1
639,3,Standing,3,Standing,1
640,3,Standing,3,Standing,1
641,3,Standing,3,Standing,1
642,3,Standing,3,Standing,1
643,3,Standing,3,Standing,1
644,3,Standing,3,Standing,1
645,3,Standing,3,Standing,1
646,3,Standing,4,Upstairs,0
647,4,Upstairs,5,Walking,0
648,4,Upstairs,5,Walking,0
649,4,Upstairs,5,Walking,0
650,4,Upstairs,5,Walking,0
651,4,Upstairs,5,Walking,0
652,4,Upstairs,5,Walking,0
653,4,Upstairs,5,Walking,0
654,4,Upstairs,5,Walking,0
655,5,Walking,5,Walking,1
656,5,Walking,5,Walking,1
657,5,Walking,5,Walking,1
658,5,Walking,5,Walking,1
659,5,Walking,5,Walking,1
660,5,Walking,5,Walking,1
661,5,Walking,5,Walking,1
662,5,Walking,5,Walking,1
663,5,Walking,5,Walking,1
664,5,Walking,5,Walking,1
665,5,Walking,5,Walking,1
666,5,Walking,5,Walking,1
667,5,Walking,5,Walking,1
668,5,Walking,5,Walking,1
669,5,Walking,5,Walking,1
670,5,Walking,5,Walking,1
671,5,Walking,5,Walking,1
672,5,Walking,5,Walking,1
673,5,Walking,5,Walking,1
674,5,Walking,5,Walking,1
675,5,Walking,5,Walking,1
676,5,Walking,5,Walking,1
677,5,Walking,5,Walking,1
678,5,Walking,5,Walking,1
679,5,Walking,5,Walking,1
680,5,Walking,5,Walking,1
681,5,Walking,5,Walking,1
682,5,Walking,5,Walking,1
683,5,Walking,5,Walking,1
684,5,Walking,5,Walking,1
685,5,Walking,5,Walking,1
686,5,Walking,5,Walking,1
687,5,Walking,5,Walking,1
688,5,Walking,0,Downstairs,0
689,5,Walking,5,Walking,1
690,5,Walking,5,Walking,1
691,5,Walking,5,Walking,1
692,5,Walking,5,Walking,1
693,5,Walking,5,Walking,1
694,5,Walking,5,Walking,1
695,5,Walking,5,Walking,1
696,5,Walking,5,Walking,1
697,5,Walking,5,Walking,1
698,5,Walking,5,Walking,1
699,5,Walking,5,Walking,1
700,5,Walking,5,Walking,1
701,5,Walking,4,Upstairs,0
702,5,Walking,4,Upstairs,0
703,0,Downstairs,5,Walking,0
704,0,Downstairs,5,Walking,0
705,0,Downstairs,5,Walking,0
706,0,Downstairs,5,Walking,0
707,0,Downstairs,5,Walking,0
708,0,Downstairs,5,Walking,0
709,0,Downstairs,5,Walking,0
710,0,Downstairs,5,Walking,0
711,0,Downstairs,5,Walking,0
712,1,Jogging,1,Jogging,1
713,1,Jogging,1,Jogging,1
714,1,Jogging,1,Jogging,1
715,1,Jogging,1,Jogging,1
716,1,Jogging,1,Jogging,1
717,1,Jogging,1,Jogging,1
718,1,Jogging,1,Jogging,1
719,1,Jogging,1,Jogging,1
720,1,Jogging,1,Jogging,1
721,1,Jogging,1,Jogging,1
722,1,Jogging,1,Jogging,1
723,1,Jogging,1,Jogging,1
724,1,Jogging,1,Jogging,1
725,1,Jogging,1,Jogging,1
726,1,Jogging,1,Jogging,1
727,1,Jogging,1,Jogging,1
728,1,Jogging,1,Jogging,1
729,1,Jogging,1,Jogging,1
730,1,Jogging,1,Jogging,1
731,1,Jogging,1,Jogging,1
732,1,Jogging,1,Jogging,1
733,1,Jogging,1,Jogging,1
734,1,Jogging,1,Jogging,1
735,1,Jogging,1,Jogging,1
736,1,Jogging,1,Jogging,1
737,1,Jogging,1,Jogging,1
738,1,Jogging,1,Jogging,1
739,1,Jogging,1,Jogging,1
740,1,Jogging,1,Jogging,1
741,2,Sitting,2,Sitting,1
742,2,Sitting,2,Sitting,1
743,2,Sitting,2,Sitting,1
744,2,Sitting,2,Sitting,1
745,2,Sitting,2,Sitting,1
746,2,Sitting,2,Sitting,1
747,2,Sitting,2,Sitting,1
748,2,Sitting,2,Sitting,1
749,2,Sitting,2,Sitting,1
750,3,Standing,5,Walking,0
751,3,Standing,3,Standing,1
752,3,Standing,3,Standing,1
753,3,Standing,3,Standing,1
754,3,Standing,3,Standing,1
755,3,Standing,3,Standing,1
756,3,Standing,3,Standing,1
757,3,Standing,3,Standing,1
758,3,Standing,3,Standing,1
759,3,Standing,3,Standing,1
760,3,Standing,4,Upstairs,0
761,4,Upstairs,5,Walking,0
762,5,Walking,5,Walking,1
763,5,Walking,0,Downstairs,0
764,5,Walking,5,Walking,1
765,5,Walking,5,Walking,1
766,5,Walking,5,Walking,1
767,5,Walking,5,Walking,1
768,5,Walking,5,Walking,1
769,5,Walking,5,Walking,1
770,5,Walking,5,Walking,1
771,5,Walking,5,Walking,1
772,5,Walking,5,Walking,1
773,5,Walking,5,Walking,1
774,5,Walking,5,Walking,1
775,5,Walking,5,Walking,1
776,5,Walking,5,Walking,1
777,5,Walking,5,Walking,1
778,5,Walking,5,Walking,1
779,5,Walking,5,Walking,1
780,5,Walking,5,Walking,1
781,5,Walking,5,Walking,1
782,5,Walking,5,Walking,1
783,5,Walking,5,Walking,1
784,5,Walking,5,Walking,1
785,5,Walking,5,Walking,1
786,5,Walking,5,Walking,1
787,5,Walking,5,Walking,1
788,5,Walking,5,Walking,1
789,5,Walking,5,Walking,1
790,5,Walking,5,Walking,1
791,5,Walking,5,Walking,1
792,5,Walking,5,Walking,1
793,5,Walking,5,Walking,1
794,5,Walking,5,Walking,1
795,5,Walking,5,Walking,1
796,5,Walking,5,Walking,1
797,5,Walking,5,Walking,1
798,5,Walking,5,Walking,1
799,5,Walking,5,Walking,1
800,5,Walking,5,Walking,1
801,5,Walking,5,Walking,1
802,5,Walking,5,Walking,1
803,5,Walking,5,Walking,1
804,5,Walking,5,Walking,1
805,5,Walking,5,Walking,1
806,5,Walking,5,Walking,1
807,5,Walking,5,Walking,1
808,5,Walking,5,Walking,1
809,5,Walking,5,Walking,1
810,5,Walking,5,Walking,1
811,5,Walking,5,Walking,1
812,5,Walking,4,Upstairs,0
813,5,Walking,5,Walking,1
814,5,Walking,5,Walking,1
815,5,Walking,5,Walking,1
816,5,Walking,5,Walking,1
817,5,Walking,5,Walking,1
818,5,Walking,5,Walking,1
819,5,Walking,5,Walking,1
820,5,Walking,5,Walking,1
821,5,Walking,5,Walking,1
822,5,Walking,4,Upstairs,0
823,5,Walking,4,Upstairs,0
824,5,Walking,5,Walking,1
825,5,Walking,5,Walking,1
826,5,Walking,5,Walking,1
827,5,Walking,5,Walking,1
828,5,Walking,5,Walking,1
829,5,Walking,5,Walking,1
830,5,Walking,5,Walking,1
831,5,Walking,5,Walking,1
832,5,Walking,5,Walking,1
833,5,Walking,5,Walking,1
834,5,Walking,5,Walking,1
835,5,Walking,4,Upstairs,0
836,5,Walking,5,Walking,1
837,5,Walking,5,Walking,1
838,5,Walking,5,Walking,1
839,5,Walking,5,Walking,1
840,5,Walking,5,Walking,1
841,5,Walking,5,Walking,1
842,5,Walking,5,Walking,1
843,5,Walking,5,Walking,1
844,5,Walking,5,Walking,1
845,5,Walking,5,Walking,1
846,5,Walking,1,Jogging,0
847,5,Walking,1,Jogging,0
848,5,Walking,4,Upstairs,0
849,5,Walking,4,Upstairs,0
850,5,Walking,4,Upstairs,0
851,5,Walking,4,Upstairs,0
852,5,Walking,4,Upstairs,0
853,5,Walking,4,Upstairs,0
854,5,Walking,4,Upstairs,0
855,5,Walking,4,Upstairs,0
856,5,Walking,0,Downstairs,0
857,0,Downstairs,0,Downstairs,1
858,0,Downstairs,0,Downstairs,1
859,0,Downstairs,4,Upstairs,0
860,0,Downstairs,0,Downstairs,1
861,0,Downstairs,0,Downstairs,1
862,0,Downstairs,0,Downstairs,1
863,0,Downstairs,0,Downstairs,1
864,1,Jogging,1,Jogging,1
865,1,Jogging,1,Jogging,1
866,1,Jogging,1,Jogging,1
867,1,Jogging,1,Jogging,1
868,1,Jogging,1,Jogging,1
869,1,Jogging,1,Jogging,1
870,1,Jogging,1,Jogging,1
871,1,Jogging,1,Jogging,1
872,1,Jogging,1,Jogging,1
873,1,Jogging,1,Jogging,1
874,1,Jogging,1,Jogging,1
875,1,Jogging,1,Jogging,1
876,1,Jogging,1,Jogging,1
877,1,Jogging,1,Jogging,1
878,1,Jogging,1,Jogging,1
879,1,Jogging,1,Jogging,1
880,1,Jogging,1,Jogging,1
881,1,Jogging,1,Jogging,1
882,1,Jogging,1,Jogging,1
883,1,Jogging,1,Jogging,1
884,1,Jogging,1,Jogging,1
885,1,Jogging,1,Jogging,1
886,1,Jogging,1,Jogging,1
887,1,Jogging,1,Jogging,1
888,1,Jogging,1,Jogging,1
889,1,Jogging,1,Jogging,1
890,1,Jogging,1,Jogging,1
891,1,Jogging,1,Jogging,1
892,1,Jogging,1,Jogging,1
893,1,Jogging,1,Jogging,1
894,1,Jogging,1,Jogging,1
895,1,Jogging,1,Jogging,1
896,1,Jogging,1,Jogging,1
897,1,Jogging,1,Jogging,1
898,1,Jogging,1,Jogging,1
899,1,Jogging,1,Jogging,1
900,1,Jogging,1,Jogging,1
901,1,Jogging,1,Jogging,1
902,1,Jogging,1,Jogging,1
903,1,Jogging,1,Jogging,1
904,1,Jogging,1,Jogging,1
905,1,Jogging,1,Jogging,1
906,1,Jogging,1,Jogging,1
907,1,Jogging,1,Jogging,1
908,1,Jogging,1,Jogging,1
909,1,Jogging,1,Jogging,1
910,1,Jogging,1,Jogging,1
911,1,Jogging,1,Jogging,1
912,1,Jogging,1,Jogging,1
913,1,Jogging,1,Jogging,1
914,1,Jogging,1,Jogging,1
915,1,Jogging,1,Jogging,1
916,4,Upstairs,5,Walking,0
917,4,Upstairs,5,Walking,0
918,4,Upstairs,5,Walking,0
919,4,Upstairs,5,Walking,0
920,4,Upstairs,5,Walking,0
921,4,Upstairs,5,Walking,0
922,4,Upstairs,5,Walking,0
923,4,Upstairs,5,Walking,0
924,4,Upstairs,5,Walking,0
925,4,Upstairs,5,Walking,0
926,4,Upstairs,4,Upstairs,1
927,4,Upstairs,5,Walking,0
928,4,Upstairs,4,Upstairs,1
929,4,Upstairs,5,Walking,0
930,4,Upstairs,4,Upstairs,1
931,4,Upstairs,4,Upstairs,1
932,4,Upstairs,4,Upstairs,1
933,4,Upstairs,4,Upstairs,1
934,4,Upstairs,4,Upstairs,1
935,4,Upstairs,4,Upstairs,1
936,4,Upstairs,4,Upstairs,1
937,4,Upstairs,4,Upstairs,1
938,4,Upstairs,4,Upstairs,1
939,4,Upstairs,5,Walking,0
940,4,Upstairs,4,Upstairs,1
941,4,Upstairs,4,Upstairs,1
942,4,Upstairs,4,Upstairs,1
943,4,Upstairs,4,Upstairs,1
944,4,Upstairs,5,Walking,0
945,4,Upstairs,5,Walking,0
946,4,Upstairs,5,Walking,0
947,4,Upstairs,5,Walking,0
948,4,Upstairs,5,Walking,0
949,4,Upstairs,5,Walking,0
950,4,Upstairs,5,Walking,0
951,4,Upstairs,5,Walking,0
952,4,Upstairs,4,Upstairs,1
953,4,Upstairs,4,Upstairs,1
954,4,Upstairs,5,Walking,0
955,4,Upstairs,4,Upstairs,1
956,4,Upstairs,4,Upstairs,1
957,4,Upstairs,4,Upstairs,1
958,4,Upstairs,4,Upstairs,1
959,4,Upstairs,4,Upstairs,1
960,4,Upstairs,4,Upstairs,1
961,4,Upstairs,4,Upstairs,1
962,4,Upstairs,4,Upstairs,1
963,4,Upstairs,5,Walking,0
964,4,Upstairs,4,Upstairs,1
965,4,Upstairs,4,Upstairs,1
966,4,Upstairs,4,Upstairs,1
967,4,Upstairs,4,Upstairs,1
968,4,Upstairs,4,Upstairs,1
969,4,Upstairs,5,Walking,0
970,4,Upstairs,4,Upstairs,1
971,4,Upstairs,5,Walking,0
972,5,Walking,4,Upstairs,0
973,5,Walking,4,Upstairs,0
974,5,Walking,4,Upstairs,0
975,5,Walking,4,Upstairs,0
976,5,Walking,4,Upstairs,0
977,5,Walking,5,Walking,1
978,5,Walking,5,Walking,1
979,5,Walking,5,Walking,1
980,5,Walking,5,Walking,1
981,5,Walking,5,Walking,1
982,5,Walking,5,Walking,1
983,5,Walking,5,Walking,1
984,5,Walking,5,Walking,1
985,5,Walking,5,Walking,1
986,5,Walking,5,Walking,1
987,5,Walking,5,Walking,1
988,5,Walking,5,Walking,1
989,5,Walking,5,Walking,1
990,5,Walking,5,Walking,1
991,5,Walking,5,Walking,1
992,5,Walking,5,Walking,1
993,5,Walking,5,Walking,1
994,5,Walking,4,Upstairs,0
995,5,Walking,4,Upstairs,0
996,5,Walking,5,Walking,1
997,5,Walking,5,Walking,1
998,5,Walking,5,Walking,1
999,5,Walking,5,Walking,1
1000,5,Walking,5,Walking,1
1001,5,Walking,5,Walking,1
1002,5,Walking,5,Walking,1
1003,5,Walking,5,Walking,1
1004,5,Walking,5,Walking,1
1005,5,Walking,5,Walking,1
1006,5,Walking,5,Walking,1
1007,5,Walking,5,Walking,1
1008,5,Walking,5,Walking,1
1009,5,Walking,5,Walking,1
1010,5,Walking,5,Walking,1
1011,5,Walking,5,Walking,1
1012,5,Walking,5,Walking,1
1013,5,Walking,5,Walking,1
1014,5,Walking,5,Walking,1
1015,5,Walking,5,Walking,1
1016,5,Walking,5,Walking,1
1017,5,Walking,5,Walking,1
1018,5,Walking,5,Walking,1
1019,5,Walking,5,Walking,1
1020,5,Walking,5,Walking,1
1021,5,Walking,4,Upstairs,0
1022,5,Walking,4,Upstairs,0
1023,5,Walking,4,Upstairs,0
1024,5,Walking,4,Upstairs,0
1025,5,Walking,4,Upstairs,0
1026,5,Walking,5,Walking,1
1027,5,Walking,5,Walking,1
1028,5,Walking,0,Downstairs,0
1029,5,Walking,4,Upstairs,0
1030,5,Walking,4,Upstairs,0
1031,5,Walking,4,Upstairs,0
1032,5,Walking,4,Upstairs,0
1033,5,Walking,4,Upstairs,0
1034,5,Walking,4,Upstairs,0
1035,5,Walking,4,Upstairs,0
1036,5,Walking,4,Upstairs,0
1037,5,Walking,4,Upstairs,0
1038,5,Walking,4,Upstairs,0
1039,5,Walking,4,Upstairs,0
1040,5,Walking,4,Upstairs,0
1041,5,Walking,4,Upstairs,0
1042,5,Walking,4,Upstairs,0
1043,5,Walking,4,Upstairs,0
1044,5,Walking,4,Upstairs,0
1045,5,Walking,4,Upstairs,0
1046,5,Walking,4,Upstairs,0
1047,5,Walking,4,Upstairs,0
1048,5,Walking,4,Upstairs,0
1049,5,Walking,4,Upstairs,0
1050,5,Walking,5,Walking,1
1051,5,Walking,4,Upstairs,0
1052,5,Walking,4,Upstairs,0
1053,5,Walking,5,Walking,1
1054,5,Walking,4,Upstairs,0
1055,5,Walking,4,Upstairs,0
1056,5,Walking,4,Upstairs,0
1057,5,Walking,4,Upstairs,0
1058,5,Walking,4,Upstairs,0
1059,5,Walking,4,Upstairs,0
1060,5,Walking,4,Upstairs,0
1061,5,Walking,4,Upstairs,0
1062,5,Walking,4,Upstairs,0
1063,5,Walking,4,Upstairs,0
1064,5,Walking,4,Upstairs,0
1065,5,Walking,4,Upstairs,0
1066,5,Walking,4,Upstairs,0
1067,5,Walking,0,Downstairs,0
1068,0,Downstairs,4,Upstairs,0
1069,0,Downstairs,4,Upstairs,0
1070,0,Downstairs,4,Upstairs,0
1071,0,Downstairs,4,Upstairs,0
1072,1,Jogging,1,Jogging,1
1073,1,Jogging,1,Jogging,1
1074,1,Jogging,1,Jogging,1
1075,1,Jogging,1,Jogging,1
1076,1,Jogging,1,Jogging,1
1077,1,Jogging,1,Jogging,1
1078,1,Jogging,1,Jogging,1
1079,1,Jogging,1,Jogging,1
1080,1,Jogging,1,Jogging,1
1081,1,Jogging,1,Jogging,1
1082,1,Jogging,1,Jogging,1
1083,1,Jogging,1,Jogging,1
1084,1,Jogging,1,Jogging,1
1085,1,Jogging,1,Jogging,1
1086,1,Jogging,1,Jogging,1
1087,1,Jogging,1,Jogging,1
1088,1,Jogging,1,Jogging,1
1089,1,Jogging,1,Jogging,1
1090,1,Jogging,1,Jogging,1
1091,1,Jogging,1,Jogging,1
1092,1,Jogging,1,Jogging,1
1093,1,Jogging,1,Jogging,1
1094,1,Jogging,1,Jogging,1
1095,1,Jogging,1,Jogging,1
1096,1,Jogging,1,Jogging,1
1097,1,Jogging,1,Jogging,1
1098,1,Jogging,1,Jogging,1
1099,1,Jogging,1,Jogging,1
1100,1,Jogging,1,Jogging,1
1101,1,Jogging,1,Jogging,1
1102,1,Jogging,1,Jogging,1
1103,1,Jogging,1,Jogging,1
1104,1,Jogging,1,Jogging,1
1105,1,Jogging,1,Jogging,1
1106,1,Jogging,1,Jogging,1
1107,1,Jogging,1,Jogging,1
1108,1,Jogging,1,Jogging,1
1109,1,Jogging,1,Jogging,1
1110,1,Jogging,1,Jogging,1
1111,1,Jogging,1,Jogging,1
1112,1,Jogging,1,Jogging,1
1113,1,Jogging,1,Jogging,1
1114,1,Jogging,1,Jogging,1
1115,1,Jogging,1,Jogging,1
1116,1,Jogging,1,Jogging,1
1117,1,Jogging,1,Jogging,1
1118,1,Jogging,1,Jogging,1
1119,1,Jogging,1,Jogging,1
1120,4,Upstairs,1,Jogging,0
1121,4,Upstairs,1,Jogging,0
1122,4,Upstairs,1,Jogging,0
1123,4,Upstairs,1,Jogging,0
1124,5,Walking,5,Walking,1
1125,5,Walking,5,Walking,1
1126,5,Walking,5,Walking,1
1127,5,Walking,5,Walking,1
1128,5,Walking,5,Walking,1
1129,5,Walking,5,Walking,1
1130,5,Walking,5,Walking,1
1131,5,Walking,5,Walking,1
1132,5,Walking,5,Walking,1
1133,5,Walking,5,Walking,1
1134,5,Walking,5,Walking,1
1135,5,Walking,5,Walking,1
1136,5,Walking,5,Walking,1
1137,5,Walking,5,Walking,1
1138,5,Walking,5,Walking,1
1139,5,Walking,5,Walking,1
1140,5,Walking,5,Walking,1
1141,5,Walking,5,Walking,1
1142,5,Walking,5,Walking,1
1143,5,Walking,5,Walking,1
1144,5,Walking,5,Walking,1
1145,5,Walking,5,Walking,1
1146,5,Walking,5,Walking,1
1147,5,Walking,5,Walking,1
1148,5,Walking,5,Walking,1
1149,5,Walking,5,Walking,1
1150,5,Walking,5,Walking,1
1151,5,Walking,5,Walking,1
1152,5,Walking,5,Walking,1
1153,5,Walking,5,Walking,1
1154,5,Walking,5,Walking,1
1155,5,Walking,5,Walking,1
1156,5,Walking,5,Walking,1
1157,5,Walking,5,Walking,1
1158,5,Walking,5,Walking,1
1159,5,Walking,5,Walking,1
1160,5,Walking,5,Walking,1
1161,5,Walking,5,Walking,1
1162,5,Walking,5,Walking,1
1163,5,Walking,5,Walking,1
1164,5,Walking,5,Walking,1
1165,5,Walking,5,Walking,1
1166,5,Walking,5,Walking,1
1167,5,Walking,5,Walking,1
1168,5,Walking,5,Walking,1
1169,5,Walking,5,Walking,1
1170,5,Walking,5,Walking,1
1171,5,Walking,5,Walking,1
1172,5,Walking,5,Walking,1
1173,5,Walking,5,Walking,1
1174,5,Walking,5,Walking,1
1175,5,Walking,5,Walking,1
1176,5,Walking,5,Walking,1
1177,5,Walking,5,Walking,1
1178,5,Walking,4,Upstairs,0
1179,0,Downstairs,5,Walking,0
1180,0,Downstairs,5,Walking,0
1181,0,Downstairs,5,Walking,0
1182,0,Downstairs,5,Walking,0
1183,0,Downstairs,5,Walking,0
1184,0,Downstairs,0,Downstairs,1
1185,1,Jogging,1,Jogging,1
1186,1,Jogging,1,Jogging,1
1187,1,Jogging,1,Jogging,1
1188,1,Jogging,1,Jogging,1
1189,1,Jogging,1,Jogging,1
1190,1,Jogging,1,Jogging,1
1191,1,Jogging,1,Jogging,1
1192,1,Jogging,1,Jogging,1
1193,1,Jogging,1,Jogging,1
1194,1,Jogging,1,Jogging,1
1195,1,Jogging,1,Jogging,1
1196,1,Jogging,1,Jogging,1
1197,1,Jogging,1,Jogging,1
1198,1,Jogging,1,Jogging,1
1199,1,Jogging,1,Jogging,1
1200,1,Jogging,1,Jogging,1
1201,1,Jogging,1,Jogging,1
1202,1,Jogging,1,Jogging,1
1203,1,Jogging,1,Jogging,1
1204,1,Jogging,1,Jogging,1
1205,1,Jogging,1,Jogging,1
1206,1,Jogging,1,Jogging,1
1207,1,Jogging,1,Jogging,1
1208,1,Jogging,1,Jogging,1
1209,1,Jogging,1,Jogging,1
1210,1,Jogging,1,Jogging,1
1211,4,Upstairs,5,Walking,0
1212,4,Upstairs,5,Walking,0
1213,4,Upstairs,5,Walking,0
1214,4,Upstairs,5,Walking,0
1215,4,Upstairs,5,Walking,0
1216,4,Upstairs,5,Walking,0
1217,4,Upstairs,5,Walking,0
1218,4,Upstairs,4,Upstairs,1
1219,4,Upstairs,5,Walking,0
1220,5,Walking,5,Walking,1
1221,5,Walking,5,Walking,1
1222,5,Walking,5,Walking,1
1223,5,Walking,5,Walking,1
1224,5,Walking,5,Walking,1
1225,5,Walking,5,Walking,1
1226,5,Walking,5,Walking,1
1227,5,Walking,5,Walking,1
1228,5,Walking,5,Walking,1
1229,5,Walking,5,Walking,1
1230,5,Walking,5,Walking,1
1231,5,Walking,5,Walking,1
1232,5,Walking,5,Walking,1
1233,5,Walking,5,Walking,1
1234,5,Walking,5,Walking,1
1235,5,Walking,5,Walking,1
1236,5,Walking,5,Walking,1
1237,5,Walking,5,Walking,1
1238,5,Walking,5,Walking,1
1239,5,Walking,5,Walking,1
1240,5,Walking,5,Walking,1
1241,5,Walking,5,Walking,1
1242,5,Walking,5,Walking,1
1243,5,Walking,5,Walking,1
1244,5,Walking,5,Walking,1
1245,5,Walking,5,Walking,1
1246,5,Walking,5,Walking,1
1247,5,Walking,5,Walking,1
1248,5,Walking,5,Walking,1
1249,5,Walking,5,Walking,1
1250,5,Walking,5,Walking,1
1251,5,Walking,5,Walking,1
1252,5,Walking,5,Walking,1
1253,5,Walking,5,Walking,1
1254,5,Walking,5,Walking,1
1255,5,Walking,5,Walking,1
1256,5,Walking,5,Walking,1
1257,5,Walking,5,Walking,1
1258,5,Walking,5,Walking,1
1259,5,Walking,5,Walking,1
1260,5,Walking,5,Walking,1
1261,5,Walking,5,Walking,1
1262,5,Walking,5,Walking,1
1263,5,Walking,5,Walking,1
1264,5,Walking,5,Walking,1
1265,5,Walking,5,Walking,1
1266,5,Walking,5,Walking,1
1267,5,Walking,5,Walking,1
1268,5,Walking,5,Walking,1
1269,5,Walking,5,Walking,1
1270,5,Walking,5,Walking,1
1271,5,Walking,5,Walking,1
1272,5,Walking,5,Walking,1
1273,0,Downstairs,0,Downstairs,1
1274,0,Downstairs,0,Downstairs,1
1275,0,Downstairs,0,Downstairs,1
1276,0,Downstairs,0,Downstairs,1
1277,0,Downstairs,0,Downstairs,1
1278,0,Downstairs,5,Walking,0
1279,1,Jogging,1,Jogging,1
1280,1,Jogging,1,Jogging,1
1281,1,Jogging,1,Jogging,1
1282,1,Jogging,1,Jogging,1
1283,1,Jogging,1,Jogging,1
1284,1,Jogging,1,Jogging,1
1285,1,Jogging,1,Jogging,1
1286,1,Jogging,1,Jogging,1
1287,1,Jogging,1,Jogging,1
1288,1,Jogging,1,Jogging,1
1289,1,Jogging,1,Jogging,1
1290,1,Jogging,1,Jogging,1
1291,1,Jogging,1,Jogging,1
1292,1,Jogging,1,Jogging,1
1293,1,Jogging,1,Jogging,1
1294,1,Jogging,1,Jogging,1
1295,1,Jogging,1,Jogging,1
1296,1,Jogging,1,Jogging,1
1297,1,Jogging,1,Jogging,1
1298,1,Jogging,1,Jogging,1
1299,1,Jogging,1,Jogging,1
1300,1,Jogging,4,Upstairs,0
1301,4,Upstairs,0,Downstairs,0
1302,4,Upstairs,4,Upstairs,1
1303,4,Upstairs,4,Upstairs,1
1304,4,Upstairs,4,Upstairs,1
1305,4,Upstairs,4,Upstairs,1
1306,4,Upstairs,4,Upstairs,1
1307,4,Upstairs,4,Upstairs,1
1308,4,Upstairs,4,Upstairs,1
1309,4,Upstairs,4,Upstairs,1
1310,4,Upstairs,4,Upstairs,1
1311,5,Walking,5,Walking,1
1312,5,Walking,5,Walking,1
1313,5,Walking,5,Walking,1
1314,5,Walking,5,Walking,1
1315,5,Walking,5,Walking,1
1316,5,Walking,5,Walking,1
1317,5,Walking,5,Walking,1
1318,5,Walking,5,Walking,1
1319,5,Walking,5,Walking,1
1320,5,Walking,5,Walking,1
1321,5,Walking,5,Walking,1
1322,5,Walking,5,Walking,1
1323,5,Walking,5,Walking,1
1324,5,Walking,5,Walking,1
1325,5,Walking,5,Walking,1
1326,5,Walking,5,Walking,1
1327,5,Walking,5,Walking,1
1328,5,Walking,5,Walking,1
1329,5,Walking,5,Walking,1
1330,5,Walking,5,Walking,1
1331,5,Walking,5,Walking,1
1332,5,Walking,5,Walking,1
1333,5,Walking,5,Walking,1
1334,5,Walking,5,Walking,1
1335,5,Walking,5,Walking,1
1336,5,Walking,5,Walking,1
1337,5,Walking,5,Walking,1
1338,5,Walking,5,Walking,1
1339,5,Walking,5,Walking,1
1340,5,Walking,5,Walking,1
1341,5,Walking,5,Walking,1
1342,5,Walking,5,Walking,1
1343,5,Walking,5,Walking,1
1344,5,Walking,5,Walking,1
1345,5,Walking,5,Walking,1
1346,5,Walking,5,Walking,1
1347,5,Walking,5,Walking,1
1348,5,Walking,5,Walking,1
1349,5,Walking,5,Walking,1
1350,5,Walking,5,Walking,1
1351,5,Walking,5,Walking,1
1352,5,Walking,5,Walking,1
1353,5,Walking,5,Walking,1
1354,5,Walking,5,Walking,1
1355,5,Walking,5,Walking,1
1356,5,Walking,5,Walking,1
1357,5,Walking,5,Walking,1
1358,5,Walking,5,Walking,1
1359,5,Walking,5,Walking,1
1360,5,Walking,5,Walking,1
1361,5,Walking,5,Walking,1
1362,5,Walking,5,Walking,1
1363,0,Downstairs,5,Walking,0
1364,0,Downstairs,5,Walking,0
1365,0,Downstairs,5,Walking,0
1366,0,Downstairs,5,Walking,0
1367,0,Downstairs,5,Walking,0
1368,0,Downstairs,5,Walking,0
1369,0,Downstairs,5,Walking,0
1370,0,Downstairs,5,Walking,0
1371,0,Downstairs,5,Walking,0
1372,0,Downstairs,1,Jogging,0
1373,1,Jogging,1,Jogging,1
1374,1,Jogging,1,Jogging,1
1375,1,Jogging,1,Jogging,1
1376,1,Jogging,1,Jogging,1
1377,1,Jogging,1,Jogging,1
1378,1,Jogging,1,Jogging,1
1379,1,Jogging,1,Jogging,1
1380,1,Jogging,1,Jogging,1
1381,1,Jogging,1,Jogging,1
1382,1,Jogging,1,Jogging,1
1383,1,Jogging,1,Jogging,1
1384,1,Jogging,1,Jogging,1
1385,1,Jogging,1,Jogging,1
1386,1,Jogging,1,Jogging,1
1387,1,Jogging,1,Jogging,1
1388,1,Jogging,1,Jogging,1
1389,1,Jogging,1,Jogging,1
1390,1,Jogging,1,Jogging,1
1391,1,Jogging,1,Jogging,1
1392,1,Jogging,1,Jogging,1
1393,1,Jogging,1,Jogging,1
1394,1,Jogging,1,Jogging,1
1395,1,Jogging,1,Jogging,1
1396,1,Jogging,1,Jogging,1
1397,1,Jogging,1,Jogging,1
1398,1,Jogging,1,Jogging,1
1399,1,Jogging,1,Jogging,1
1400,1,Jogging,1,Jogging,1
1401,1,Jogging,1,Jogging,1
1402,1,Jogging,1,Jogging,1
1403,1,Jogging,1,Jogging,1
1404,1,Jogging,1,Jogging,1
1405,1,Jogging,1,Jogging,1
1406,1,Jogging,1,Jogging,1
1407,1,Jogging,1,Jogging,1
1408,1,Jogging,1,Jogging,1
1409,1,Jogging,1,Jogging,1
1410,1,Jogging,1,Jogging,1
1411,1,Jogging,1,Jogging,1
1412,1,Jogging,1,Jogging,1
1413,1,Jogging,1,Jogging,1
1414,1,Jogging,1,Jogging,1
1415,1,Jogging,1,Jogging,1
1416,1,Jogging,1,Jogging,1
1417,1,Jogging,1,Jogging,1
1418,1,Jogging,1,Jogging,1
1419,4,Upstairs,5,Walking,0
1420,4,Upstairs,4,Upstairs,1
1421,4,Upstairs,4,Upstairs,1
1422,4,Upstairs,4,Upstairs,1
1423,4,Upstairs,4,Upstairs,1
1424,4,Upstairs,4,Upstairs,1
1425,4,Upstairs,4,Upstairs,1
1426,4,Upstairs,4,Upstairs,1
1427,4,Upstairs,4,Upstairs,1
1428,4,Upstairs,4,Upstairs,1
1429,4,Upstairs,5,Walking,0
1430,5,Walking,5,Walking,1
1431,5,Walking,5,Walking,1
1432,5,Walking,5,Walking,1
1433,5,Walking,5,Walking,1
1434,5,Walking,5,Walking,1
1435,5,Walking,5,Walking,1
1436,5,Walking,5,Walking,1
1437,5,Walking,5,Walking,1
1438,5,Walking,5,Walking,1
1439,5,Walking,5,Walking,1
1440,5,Walking,5,Walking,1
1441,5,Walking,5,Walking,1
1442,5,Walking,5,Walking,1
1443,5,Walking,5,Walking,1
1444,5,Walking,5,Walking,1
1445,5,Walking,5,Walking,1
1446,5,Walking,5,Walking,1
1447,5,Walking,5,Walking,1
1448,5,Walking,4,Upstairs,0
1449,5,Walking,5,Walking,1
1450,5,Walking,5,Walking,1
1451,5,Walking,4,Upstairs,0
1452,5,Walking,5,Walking,1
1453,5,Walking,5,Walking,1
1454,5,Walking,5,Walking,1
1455,5,Walking,5,Walking,1
1456,5,Walking,5,Walking,1
1457,5,Walking,5,Walking,1
1458,5,Walking,5,Walking,1
1459,5,Walking,5,Walking,1
1460,5,Walking,5,Walking,1
1461,5,Walking,5,Walking,1
1462,5,Walking,5,Walking,1
1463,5,Walking,5,Walking,1
1464,5,Walking,5,Walking,1
1465,5,Walking,5,Walking,1
1466,5,Walking,5,Walking,1
1467,5,Walking,5,Walking,1
1468,5,Walking,5,Walking,1
1469,5,Walking,5,Walking,1
1470,5,Walking,5,Walking,1
1471,5,Walking,5,Walking,1
1472,5,Walking,5,Walking,1
1473,5,Walking,5,Walking,1
1474,5,Walking,5,Walking,1
1475,5,Walking,5,Walking,1
1476,0,Downstairs,5,Walking,0
1477,0,Downstairs,5,Walking,0
1478,0,Downstairs,0,Downstairs,1
1479,0,Downstairs,0,Downstairs,1
1480,0,Downstairs,0,Downstairs,1
1481,0,Downstairs,0,Downstairs,1
1482,0,Downstairs,0,Downstairs,1
1483,1,Jogging,1,Jogging,1
1484,1,Jogging,1,Jogging,1
1485,1,Jogging,1,Jogging,1
1486,1,Jogging,1,Jogging,1
1487,1,Jogging,1,Jogging,1
1488,1,Jogging,1,Jogging,1
1489,1,Jogging,1,Jogging,1
1490,1,Jogging,1,Jogging,1
1491,1,Jogging,1,Jogging,1
1492,1,Jogging,1,Jogging,1
1493,1,Jogging,1,Jogging,1
1494,1,Jogging,1,Jogging,1
1495,1,Jogging,1,Jogging,1
1496,1,Jogging,1,Jogging,1
1497,1,Jogging,1,Jogging,1
1498,1,Jogging,1,Jogging,1
1499,1,Jogging,1,Jogging,1
1500,1,Jogging,1,Jogging,1
1501,1,Jogging,1,Jogging,1
1502,1,Jogging,1,Jogging,1
1503,1,Jogging,1,Jogging,1
1504,1,Jogging,1,Jogging,1
1505,1,Jogging,1,Jogging,1
1506,1,Jogging,1,Jogging,1
1507,1,Jogging,1,Jogging,1
1508,1,Jogging,1,Jogging,1
1509,1,Jogging,1,Jogging,1
1510,1,Jogging,1,Jogging,1
1511,1,Jogging,1,Jogging,1
1512,1,Jogging,1,Jogging,1
1513,1,Jogging,1,Jogging,1
1514,1,Jogging,1,Jogging,1
1515,1,Jogging,1,Jogging,1
1516,1,Jogging,1,Jogging,1
1517,1,Jogging,1,Jogging,1
1518,1,Jogging,1,Jogging,1
1519,1,Jogging,1,Jogging,1
1520,1,Jogging,1,Jogging,1
1521,1,Jogging,1,Jogging,1
1522,1,Jogging,1,Jogging,1
1523,1,Jogging,1,Jogging,1
1524,1,Jogging,1,Jogging,1
1525,1,Jogging,1,Jogging,1
1526,1,Jogging,1,Jogging,1
1527,1,Jogging,1,Jogging,1
1528,1,Jogging,1,Jogging,1
1529,1,Jogging,1,Jogging,1
1530,4,Upstairs,5,Walking,0
1531,5,Walking,5,Walking,1
1532,5,Walking,5,Walking,1
1533,5,Walking,5,Walking,1
1534,5,Walking,5,Walking,1
1535,5,Walking,5,Walking,1
1536,5,Walking,5,Walking,1
1537,5,Walking,5,Walking,1
1538,5,Walking,5,Walking,1
1539,5,Walking,5,Walking,1
1540,5,Walking,5,Walking,1
1541,5,Walking,5,Walking,1
1542,5,Walking,5,Walking,1
1543,5,Walking,5,Walking,1
1544,5,Walking,5,Walking,1
1545,5,Walking,5,Walking,1
1546,5,Walking,5,Walking,1
1547,5,Walking,5,Walking,1
1548,5,Walking,5,Walking,1
1549,5,Walking,5,Walking,1
1550,5,Walking,5,Walking,1
1551,5,Walking,5,Walking,1
1552,5,Walking,5,Walking,1
1553,5,Walking,5,Walking,1
1554,5,Walking,5,Walking,1
1555,5,Walking,5,Walking,1
1556,5,Walking,5,Walking,1
1557,5,Walking,5,Walking,1
1558,5,Walking,5,Walking,1
1559,5,Walking,5,Walking,1
1560,5,Walking,5,Walking,1
1561,5,Walking,5,Walking,1
1562,5,Walking,5,Walking,1
1563,5,Walking,5,Walking,1
1564,5,Walking,5,Walking,1
1565,5,Walking,5,Walking,1
1566,5,Walking,5,Walking,1
1567,5,Walking,5,Walking,1
1568,5,Walking,5,Walking,1
1569,5,Walking,5,Walking,1
1570,5,Walking,5,Walking,1
1571,5,Walking,5,Walking,1
1572,5,Walking,5,Walking,1
1573,5,Walking,5,Walking,1
1574,5,Walking,5,Walking,1
1575,5,Walking,5,Walking,1
1576,5,Walking,5,Walking,1
1577,0,Downstairs,0,Downstairs,1
1578,4,Upstairs,5,Walking,0
1579,4,Upstairs,5,Walking,0
1580,4,Upstairs,5,Walking,0
1581,4,Upstairs,4,Upstairs,1
1582,4,Upstairs,5,Walking,0
1583,4,Upstairs,5,Walking,0
1584,4,Upstairs,5,Walking,0
1585,0,Downstairs,0,Downstairs,1
1586,0,Downstairs,0,Downstairs,1
1587,0,Downstairs,4,Upstairs,0
1588,0,Downstairs,0,Downstairs,1
1589,0,Downstairs,0,Downstairs,1
1590,0,Downstairs,0,Downstairs,1
1591,4,Upstairs,5,Walking,0
1592,4,Upstairs,5,Walking,0
1593,4,Upstairs,5,Walking,0
1594,4,Upstairs,5,Walking,0
1595,4,Upstairs,5,Walking,0
1596,4,Upstairs,5,Walking,0
1597,4,Upstairs,5,Walking,0
1598,4,Upstairs,5,Walking,0
1599,4,Upstairs,4,Upstairs,1
1600,4,Upstairs,5,Walking,0
1601,0,Downstairs,5,Walking,0
1602,0,Downstairs,5,Walking,0
1603,0,Downstairs,5,Walking,0
1604,0,Downstairs,5,Walking,0
1605,0,Downstairs,5,Walking,0
1606,0,Downstairs,5,Walking,0
1607,0,Downstairs,5,Walking,0
1608,4,Upstairs,1,Jogging,0
1609,4,Upstairs,1,Jogging,0
1610,4,Upstairs,1,Jogging,0
1611,4,Upstairs,1,Jogging,0
1612,4,Upstairs,1,Jogging,0
1613,4,Upstairs,1,Jogging,0
1614,4,Upstairs,1,Jogging,0
1615,0,Downstairs,0,Downstairs,1
1616,4,Upstairs,5,Walking,0
1617,4,Upstairs,4,Upstairs,1
1618,4,Upstairs,1,Jogging,0
1619,4,Upstairs,5,Walking,0
1620,4,Upstairs,5,Walking,0
1621,4,Upstairs,5,Walking,0
1622,4,Upstairs,5,Walking,0
1623,0,Downstairs,4,Upstairs,0
1624,0,Downstairs,0,Downstairs,1
1625,0,Downstairs,0,Downstairs,1
1626,0,Downstairs,0,Downstairs,1
1627,0,Downstairs,0,Downstairs,1
1628,4,Upstairs,4,Upstairs,1
1629,4,Upstairs,5,Walking,0
1630,4,Upstairs,5,Walking,0
1631,4,Upstairs,5,Walking,0
1632,4,Upstairs,5,Walking,0
1633,4,Upstairs,5,Walking,0
1634,4,Upstairs,5,Walking,0
1635,4,Upstairs,5,Walking,0
1636,4,Upstairs,5,Walking,0
1637,4,Upstairs,5,Walking,0
1638,4,Upstairs,5,Walking,0
1639,4,Upstairs,0,Downstairs,0
1640,0,Downstairs,0,Downstairs,1
1641,0,Downstairs,0,Downstairs,1
1642,0,Downstairs,0,Downstairs,1
1643,0,Downstairs,0,Downstairs,1
1644,0,Downstairs,0,Downstairs,1
1645,0,Downstairs,0,Downstairs,1
1646,0,Downstairs,0,Downstairs,1
1647,0,Downstairs,0,Downstairs,1
1648,0,Downstairs,0,Downstairs,1
1649,4,Upstairs,1,Jogging,0
1650,4,Upstairs,1,Jogging,0
1651,4,Upstairs,1,Jogging,0
1652,4,Upstairs,1,Jogging,0
1653,4,Upstairs,1,Jogging,0
1654,4,Upstairs,1,Jogging,0
1655,0,Downstairs,0,Downstairs,1
1656,0,Downstairs,5,Walking,0
1657,0,Downstairs,0,Downstairs,1
1658,0,Downstairs,0,Downstairs,1
1659,0,Downstairs,5,Walking,0
1660,0,Downstairs,5,Walking,0
1661,0,Downstairs,5,Walking,0
1662,0,Downstairs,5,Walking,0
1663,4,Upstairs,5,Walking,0
1664,4,Upstairs,5,Walking,0
1665,4,Upstairs,5,Walking,0
1666,4,Upstairs,5,Walking,0
1667,4,Upstairs,4,Upstairs,1
1668,0,Downstairs,5,Walking,0
1669,0,Downstairs,5,Walking,0
1670,0,Downstairs,4,Upstairs,0
1671,0,Downstairs,5,Walking,0
1672,4,Upstairs,4,Upstairs,1
1673,4,Upstairs,0,Downstairs,0
1674,4,Upstairs,5,Walking,0
1675,4,Upstairs,5,Walking,0
1676,4,Upstairs,5,Walking,0
1677,4,Upstairs,4,Upstairs,1
1678,4,Upstairs,0,Downstairs,0
1679,4,Upstairs,4,Upstairs,1
1680,4,Upstairs,5,Walking,0
1681,4,Upstairs,0,Downstairs,0
1682,0,Downstairs,4,Upstairs,0
1683,0,Downstairs,4,Upstairs,0
1684,0,Downstairs,4,Upstairs,0
1685,0,Downstairs,4,Upstairs,0
1686,0,Downstairs,4,Upstairs,0
1687,0,Downstairs,4,Upstairs,0
1688,0,Downstairs,4,Upstairs,0
1689,0,Downstairs,4,Upstairs,0
1690,0,Downstairs,4,Upstairs,0
1691,0,Downstairs,4,Upstairs,0
1692,4,Upstairs,4,Upstairs,1
1693,4,Upstairs,4,Upstairs,1
1694,4,Upstairs,4,Upstairs,1
1695,4,Upstairs,4,Upstairs,1
1696,4,Upstairs,4,Upstairs,1
1697,4,Upstairs,4,Upstairs,1
1698,4,Upstairs,4,Upstairs,1
1699,4,Upstairs,4,Upstairs,1
1700,4,Upstairs,4,Upstairs,1
1701,4,Upstairs,4,Upstairs,1
1702,4,Upstairs,4,Upstairs,1
1703,4,Upstairs,5,Walking,0
1704,0,Downstairs,0,Downstairs,1
1705,0,Downstairs,0,Downstairs,1
1706,0,Downstairs,0,Downstairs,1
1707,0,Downstairs,0,Downstairs,1
1708,0,Downstairs,0,Downstairs,1
1709,0,Downstairs,0,Downstairs,1
1710,0,Downstairs,0,Downstairs,1
1711,0,Downstairs,0,Downstairs,1
1712,4,Upstairs,5,Walking,0
1713,4,Upstairs,5,Walking,0
1714,4,Upstairs,5,Walking,0
1715,4,Upstairs,4,Upstairs,1
1716,4,Upstairs,4,Upstairs,1
1717,4,Upstairs,4,Upstairs,1
1718,4,Upstairs,4,Upstairs,1
1719,4,Upstairs,5,Walking,0
1720,0,Downstairs,0,Downstairs,1
1721,0,Downstairs,0,Downstairs,1
1722,0,Downstairs,0,Downstairs,1
1723,0,Downstairs,0,Downstairs,1
1724,0,Downstairs,0,Downstairs,1
1725,0,Downstairs,4,Upstairs,0
1726,0,Downstairs,0,Downstairs,1
1727,0,Downstairs,4,Upstairs,0
1728,0,Downstairs,4,Upstairs,0
1729,0,Downstairs,0,Downstairs,1
1730,0,Downstairs,0,Downstairs,1
1731,4,Upstairs,5,Walking,0
1732,4,Upstairs,5,Walking,0
1733,4,Upstairs,5,Walking,0
1734,4,Upstairs,5,Walking,0
1735,4,Upstairs,4,Upstairs,1
1736,4,Upstairs,5,Walking,0
1737,4,Upstairs,5,Walking,0
1738,4,Upstairs,5,Walking,0
1739,4,Upstairs,5,Walking,0
1740,4,Upstairs,5,Walking,0
1741,0,Downstairs,4,Upstairs,0
1742,0,Downstairs,4,Upstairs,0
1743,0,Downstairs,4,Upstairs,0
1744,0,Downstairs,4,Upstairs,0
1745,4,Upstairs,4,Upstairs,1
1746,4,Upstairs,4,Upstairs,1
1747,0,Downstairs,0,Downstairs,1
1748,0,Downstairs,0,Downstairs,1
1749,0,Downstairs,0,Downstairs,1
1750,0,Downstairs,0,Downstairs,1
1751,0,Downstairs,0,Downstairs,1
1752,0,Downstairs,0,Downstairs,1
1753,0,Downstairs,0,Downstairs,1
1754,0,Downstairs,4,Upstairs,0
1755,0,Downstairs,4,Upstairs,0
1756,0,Downstairs,0,Downstairs,1
1757,4,Upstairs,4,Upstairs,1
1758,4,Upstairs,4,Upstairs,1
1759,4,Upstairs,4,Upstairs,1
1760,4,Upstairs,4,Upstairs,1
1761,4,Upstairs,0,Downstairs,0
1762,4,Upstairs,0,Downstairs,0
